Story Code,Story Title,Author Code,Second Author Code,Annotator #1,Annotator #2,Story URL,Date Assigned (YYYY-MM-DD),Date Completed (YYYY-MM-DD),Date of First Publication (YYYY-MM-DD),Format of First Publication (Journal or Book),Name of Journal or Title of Book
ASH01,A Scandal in Bohemia,ACD,NA,ZC,CC,https://sherlock-holm.es/stories/html/scan.html,2021-05-25T00:00:00Z,2021-05-26T00:00:00Z,1891-07-01T00:00:00Z,Journal,The Strand
ASH02,The Red-Headed League,ACD,NA,ZC,CC,https://sherlock-holm.es/stories/html/redh.html,2021-05-10T00:00:00Z,2021-05-12T00:00:00Z,1891-08-01T00:00:00Z,Journal,The Strand
ASH03,A Case of Identity,ACD,NA,SK,JM,https://sherlock-holm.es/stories/html/iden.html,2021-05-11T00:00:00Z,2021-05-13T00:00:00Z,1891-09-01T00:00:00Z,Journal,The Strand
ASH04,The Boscombe Valley Mystery,ACD,NA,SO,WW,https://sherlock-holm.es/stories/html/bosc.html,2021-05-12T00:00:00Z,2021-05-13T00:00:00Z,1891-10-01T00:00:00Z,Journal,The Strand
ASH05,The Five Orange Pips,ACD,NA,ZC,CC,https://sherlock-holm.es/stories/html/five.html,2021-05-25T00:00:00Z,2021-05-26T00:00:00Z,1891-11-01T00:00:00Z,Journal,The Strand
ASH06,The Man with the Twisted Lip,ACD,NA,SO,SK,https://sherlock-holm.es/stories/html/twis.html,2021-05-25T00:00:00Z,2021-05-26T00:00:00Z,1891-12-01T00:00:00Z,Journal,The Strand
ASH07,The Adventure of the Blue Carbuncle,ACD,NA,ZC,CC,https://sherlock-holm.es/stories/html/blue.html,2021-05-10T00:00:00Z,2021-05-11T00:00:00Z,1892-01-01T00:00:00Z,Journal,The Strand
ASH08,The Adventure of the Speckled Band,ACD,NA,ZC,CC,https://sherlock-holm.es/stories/html/spec.html,2021-05-10T00:00:00Z,2021-05-11T00:00:00Z,1892-02-01T00:00:00Z,Journal,The Strand
ASH09,The Adventure of the Engineer's Thumb,ACD,NA,ZC,CC,https://sherlock-holm.es/stories/html/engr.html,2021-05-10T00:00:00Z,2021-05-11T00:00:00Z,1892-03-01T00:00:00Z,Journal,The Strand
ASH10,The Adventure of the Noble Bachelor,ACD,NA,SK,JM,https://sherlock-holm.es/stories/html/nobl.html,2021-05-10T00:00:00Z,2021-05-11T00:00:00Z,1892-04-01T00:00:00Z,Journal,The Strand
ASH11,The Adventure of the Beryl Coronet,ACD,NA,SK,JM,https://sherlock-holm.es/stories/html/bery.html,2021-05-10T00:00:00Z,2021-05-11T00:00:00Z,1892-05-01T00:00:00Z,Journal,The Strand
ASH12,The Adventure of the Copper Beeches,ACD,NA,SK,JM,https://sherlock-holm.es/stories/html/copp.html,2021-05-10T00:00:00Z,2021-05-11T00:00:00Z,1892-06-01T00:00:00Z,Journal,The Strand
MSH01,Silver Blaze,ACD,NA,SO,WW,https://sherlock-holm.es/stories/html/silv.html,2021-05-10T00:00:00Z,2021-05-11T00:00:00Z,1892-12-01T00:00:00Z,Journal,The Strand
MSH02,Yellow Face,ACD,NA,SO,WW,https://sherlock-holm.es/stories/html/yell.html,2021-05-10T00:00:00Z,2021-05-11T00:00:00Z,1893-02-01T00:00:00Z,Journal,The Strand
MSH03,The Stockbroker's Clerk,ACD,NA,SO,WW,https://sherlock-holm.es/stories/html/stoc.html,2021-05-10T00:00:00Z,2021-05-11T00:00:00Z,1893-03-01T00:00:00Z,Journal,The Strand
MSH04,The “Gloria Scott”,ACD,NA,ZC,JM,https://sherlock-holm.es/stories/html/glor.html,2021-05-12T00:00:00Z,2021-05-13T00:00:00Z,1893-04-01T00:00:00Z,Journal,The Strand
MSH05,The Musgrave Ritual,ACD,NA,ZC,JM,https://sherlock-holm.es/stories/html/musg.html,2021-05-12T00:00:00Z,2021-05-13T00:00:00Z,1893-05-01T00:00:00Z,Journal,The Strand
MSH06,The Reigate Puzzle,ACD,NA,ZC,JM,https://sherlock-holm.es/stories/html/reig.html,2021-05-12T00:00:00Z,2021-05-13T00:00:00Z,1893-06-01T00:00:00Z,Journal,The Strand
MSH07,The Crooked Man,ACD,NA,SK,WW,https://sherlock-holm.es/stories/html/croo.html,2021-05-12T00:00:00Z,2021-05-13T00:00:00Z,1893-07-01T00:00:00Z,Journal,The Strand
MSH08,The Resident Patient,ACD,NA,SK,WW,https://sherlock-holm.es/stories/html/resi.html,2021-05-12T00:00:00Z,2021-05-13T00:00:00Z,1893-08-01T00:00:00Z,Journal,The Strand
MSH09,The Greek Interpreter,ACD,NA,SK,WW,https://sherlock-holm.es/stories/html/gree.html,2021-05-12T00:00:00Z,2021-05-13T00:00:00Z,1893-09-01T00:00:00Z,Journal,The Strand
MSH10,The Naval Treaty,ACD,NA,SO,CC,https://sherlock-holm.es/stories/html/nava.html,2021-05-12T00:00:00Z,2021-05-13T00:00:00Z,1893-11-01T00:00:00Z,Journal,The Strand
MSH11,The Final Problem,ACD,NA,SO,CC,https://sherlock-holm.es/stories/html/fina.html,2021-05-12T00:00:00Z,2021-05-13T00:00:00Z,1893-12-01T00:00:00Z,Journal,The Strand
RSH01,The Empty House,ACD,NA,SO,CC,https://sherlock-holm.es/stories/html/empt.html,2021-05-12T00:00:00Z,2021-05-13T00:00:00Z,1903-09-26T00:00:00Z,Journal,Collier's Weekly
RSH02,The Norwood Builder,ACD,NA,ZC,WW,https://sherlock-holm.es/stories/html/norw.html,2021-05-14T00:00:00Z,2021-05-17T00:00:00Z,1903-11-01T00:00:00Z,Journal,The Strand
RSH03,The Dancing Men,ACD,NA,ZC,WW,https://sherlock-holm.es/stories/html/danc.html,2021-05-14T00:00:00Z,2021-05-17T00:00:00Z,1903-12-01T00:00:00Z,Journal,The Strand
RSH04,The Solitary Cyclist,ACD,NA,ZC,WW,https://sherlock-holm.es/stories/html/soli.html,2021-05-14T00:00:00Z,2021-05-17T00:00:00Z,1903-12-26T00:00:00Z,Journal,Collier's Weekly
RSH05,The Priory School,ACD,NA,SK,CC,https://sherlock-holm.es/stories/html/prio.html,2021-05-14T00:00:00Z,2021-05-17T00:00:00Z,1904-01-30T00:00:00Z,Journal,Collier's Weekly
RSH06,Black Peter,ACD,NA,SK,CC,https://sherlock-holm.es/stories/html/blac.html,2021-05-14T00:00:00Z,2021-05-17T00:00:00Z,1904-02-27T00:00:00Z,Journal,Collier's Weekly
RSH07,Charles Augustus Milverton,ACD,NA,SK,CC,https://sherlock-holm.es/stories/html/chas.html,2021-05-14T00:00:00Z,2021-05-17T00:00:00Z,1904-03-26T00:00:00Z,Journal,Collier's Weekly
RSH08,The Six Napoleons,ACD,NA,SO,JM,https://sherlock-holm.es/stories/html/sixn.html,2021-05-14T00:00:00Z,2021-05-17T00:00:00Z,1904-05-01T00:00:00Z,Journal,The Strand
RSH09,The Three Students,ACD,NA,SO,JM,https://sherlock-holm.es/stories/html/3stu.html,2021-05-14T00:00:00Z,2021-05-17T00:00:00Z,1904-06-01T00:00:00Z,Journal,The Strand
RSH10,The Golden Pince-Nez,ACD,NA,SO,JM,https://sherlock-holm.es/stories/html/gold.html,2021-05-14T00:00:00Z,2021-05-17T00:00:00Z,1904-07-01T00:00:00Z,Journal,The Strand
RSH11,The Missing Three-Quarter,ACD,NA,ZC,SK,https://sherlock-holm.es/stories/html/miss.html,2021-05-18T00:00:00Z,2021-05-20T00:00:00Z,1904-08-01T00:00:00Z,Journal,The Strand
RSH12,The Abbey Grange,ACD,NA,ZC,SK,https://sherlock-holm.es/stories/html/abbe.html,2021-05-18T00:00:00Z,2021-05-20T00:00:00Z,1904-09-01T00:00:00Z,Journal,The Strand
RSH13,The Second Stain,ACD,NA,ZC,SK,https://sherlock-holm.es/stories/html/seco.html,2021-05-18T00:00:00Z,2021-05-20T00:00:00Z,1904-12-01T00:00:00Z,Journal,The Strand
HLB01,Wisteria Lodge,ACD,NA,SO,JM,https://sherlock-holm.es/stories/html/wist.html,2021-05-18T00:00:00Z,2021-05-19T00:00:00Z,1908-08-15T00:00:00Z,Journal,Collier's Magazine
HLB02,The Cardboard Box,ACD,NA,SO,JM,https://sherlock-holm.es/stories/html/card.html,2021-05-18T00:00:00Z,2021-05-19T00:00:00Z,1893-01-01T00:00:00Z,Journal,The Strand
HLB03,The Red Circle,ACD,NA,SO,JM,https://sherlock-holm.es/stories/html/redc.html,2021-05-18T00:00:00Z,2021-05-19T00:00:00Z,1911-04-01T00:00:00Z,Journal,The Strand
HLB04,The Bruce-Partington Plans,ACD,NA,CC,WW,https://sherlock-holm.es/stories/html/bruc.html,2021-05-18T00:00:00Z,2021-05-19T00:00:00Z,1908-12-01T00:00:00Z,Journal,The Strand
HLB05,The Dying Detective,ACD,NA,CC,WW,https://sherlock-holm.es/stories/html/dyin.html,2021-05-18T00:00:00Z,2021-05-19T00:00:00Z,1913-12-01T00:00:00Z,Journal,The Strand
HLB06,Lady Frances Carfax,ACD,NA,CC,WW,https://sherlock-holm.es/stories/html/lady.html,2021-05-18T00:00:00Z,2021-05-19T00:00:00Z,1911-12-01T00:00:00Z,Journal,The Strand
HLB07,The Devil's Foot,ACD,NA,ZC,SO,https://sherlock-holm.es/stories/html/devi.html,2021-05-20T00:00:00Z,2021-05-24T00:00:00Z,1910-12-01T00:00:00Z,Journal,The Strand
HLB08,His Last Bow,ACD,NA,ZC,SO,https://sherlock-holm.es/stories/html/last.html,2021-05-20T00:00:00Z,2021-05-24T00:00:00Z,1917-09-01T00:00:00Z,Journal,The Strand
CBSH01,The Illustrious Client,ACD,NA,ZC,SO,https://sherlock-holm.es/stories/html/illu.html,2021-05-20T00:00:00Z,2021-05-24T00:00:00Z,1924-11-08T00:00:00Z,Journal,Collier's Weekly Magazine
CBSH02,The Blanched Soldier,ACD,NA,CC,JM,https://sherlock-holm.es/stories/html/blan.html,2021-05-20T00:00:00Z,2021-05-25T00:00:00Z,1926-11-01T00:00:00Z,Journal,The Strand
CBSH03,The Mazarin Stone,ACD,NA,CC,JM,https://sherlock-holm.es/stories/html/maza.html,2021-05-20T00:00:00Z,2021-05-25T00:00:00Z,1921-10-01T00:00:00Z,Journal,The Strand
CBSH04,The Three Gables,ACD,NA,CC,JM,https://sherlock-holm.es/stories/html/3gab.html,2021-05-20T00:00:00Z,2021-05-25T00:00:00Z,1920-10-01T00:00:00Z,Journal,The Strand
CBSH05,The Sussex Vampire,ACD,NA,WW,SK,https://sherlock-holm.es/stories/html/suss.html,2021-05-20T00:00:00Z,2021-05-24T00:00:00Z,1924-01-01T00:00:00Z,Journal,The Strand
CBSH06,The Three Garridebs,ACD,NA,WW,SK,https://sherlock-holm.es/stories/html/3gar.html,2021-05-20T00:00:00Z,2021-05-24T00:00:00Z,1924-10-25T00:00:00Z,Journal,Collier's Weekly Magazine
CBSH07,Thor Bridge,ACD,NA,WW,SK,https://sherlock-holm.es/stories/html/thor.html,2021-05-20T00:00:00Z,2021-05-24T00:00:00Z,1922-03-01T00:00:00Z,Journal,The Strand
CBSH08,The Creeping Man,ACD,NA,WW,JM,https://sherlock-holm.es/stories/html/cree.html,2021-05-25T00:00:00Z,2021-05-27T00:00:00Z,1923-03-01T00:00:00Z,Journal,The Strand
CBSH09,The Lion's Mane,ACD,NA,WW,JM,https://sherlock-holm.es/stories/html/lion.html,2021-05-25T00:00:00Z,2021-05-27T00:00:00Z,1926-11-27T00:00:00Z,Journal,Liberty
CBSH10,The Veiled Lodger,ACD,NA,WW,JM,https://sherlock-holm.es/stories/html/veil.html,2021-05-25T00:00:00Z,2021-05-27T00:00:00Z,1927-01-22T00:00:00Z,Journal,Liberty
CBSH11,Shoscombe Old Place,ACD,NA,SO,SK,https://sherlock-holm.es/stories/html/shos.html,2021-05-25T00:00:00Z,2021-05-26T00:00:00Z,1927-03-01T00:00:00Z,Journal,Liberty
CBSH12,The Retired Colourman,ACD,NA,SO,SK,https://sherlock-holm.es/stories/html/reti.html,2021-05-25T00:00:00Z,2021-05-26T00:00:00Z,1926-12-18T00:00:00Z,Journal,Liberty
MHI01,The Lenton Croft Robberies,AM,NA,CC,JM,https://www.gutenberg.org/files/11252/11252-h/11252-h.htm#CH1,2021-06-01T00:00:00Z,2021-06-04T00:00:00Z,1894-03-01T00:00:00Z,Journal,The Strand
MHI02,The Loss of Sammy Crockett,AM,NA,CC,JM,https://www.gutenberg.org/files/11252/11252-h/11252-h.htm#CH2,2021-06-01T00:00:00Z,2021-06-04T00:00:00Z,1894-04-01T00:00:00Z,Journal,The Strand
MHI03,The Case of Mr. Foggatt,AM,NA,CC,JM,https://www.gutenberg.org/files/11252/11252-h/11252-h.htm#CH3,2021-06-01T00:00:00Z,2021-06-04T00:00:00Z,1894-05-01T00:00:00Z,Journal,The Strand
MHI04,The Case of the Dixon Torpedo,AM,NA,CC,MS,https://www.gutenberg.org/files/11252/11252-h/11252-h.htm#CH4,2021-06-04T00:00:00Z,2021-06-07T00:00:00Z,1894-06-01T00:00:00Z,Journal,The Strand
MHI05,The Quinton Jewel Affair,AM,NA,CC,MS,https://www.gutenberg.org/files/11252/11252-h/11252-h.htm#CH5,2021-06-04T00:00:00Z,2021-06-07T00:00:00Z,1905-03-08T00:00:00Z,Journal,The Strand
MHI06,The Stanway Cameo Mystery,AM,NA,CC,MS,https://www.gutenberg.org/files/11252/11252-h/11252-h.htm#CH6,2021-06-04T00:00:00Z,2021-06-08T00:00:00Z,1905-03-08T00:00:00Z,Journal,The Strand
MHI07,The Affair of the Tortoise,AM,NA,SK,AMB,https://www.gutenberg.org/files/11252/11252-h/11252-h.htm#CH7,2021-06-04T00:00:00Z,2021-06-07T00:00:00Z,1894-10-01T00:00:00Z,Journal,The Strand
CMH01,The Ivy Cottage Mystery,AM,NA,SK,AMB,https://www.gutenberg.org/files/37820/37820-h/37820-h.htm#THE_IVY_COTTAGE_MYSTERY,2021-06-04T00:00:00Z,2021-06-07T00:00:00Z,1895-01-01T00:00:00Z,Journal,The Strand
CMH02,The Nicobar Bullion Case,AM,NA,SK,AMB,https://www.gutenberg.org/files/37820/37820-h/37820-h.htm#THE_NICOBAR_BULLION_CASE,2021-06-04T00:00:00Z,2021-06-07T00:00:00Z,1895-02-01T00:00:00Z,Journal,The Strand
CMH03,The Holford Will Case,AM,NA,JM,MAL,https://www.gutenberg.org/files/37820/37820-h/37820-h.htm#THE_HOLFORD_WILL_CASE,2021-06-04T00:00:00Z,2021-06-07T00:00:00Z,1895-01-01T00:00:00Z,Journal,The Windsor Magazine
CMH04,The Case of the Missing Hand,AM,NA,JM,MAL,https://www.gutenberg.org/files/37820/37820-h/37820-h.htm#THE_CASE_OF_THE_MISSING_HAND,2021-06-04T00:00:00Z,2021-06-07T00:00:00Z,1895-01-01T00:00:00Z,Journal,The Windsor Magazine
CMH05,"The Case of Laker, Absconded",AM,NA,JM,MAL,https://www.gutenberg.org/files/37820/37820-h/37820-h.htm#THE_CASE_OF_LAKER_ABSCONDED,2021-06-04T00:00:00Z,2021-06-07T00:00:00Z,1895-01-01T00:00:00Z,Journal,The Windsor Magazine
CMH06,The Case of the Lost Foreigner,AM,NA,WW,SO,https://www.gutenberg.org/files/37820/37820-h/37820-h.htm#THE_CASE_OF_THE_LOST_FOREIGNER,2021-06-04T00:00:00Z,2021-06-07T00:00:00Z,1895-06-01T00:00:00Z,Journal,The Windsor Magazine
AMH01,The Affair of Mrs. Seton's Child,AM,NA,WW,SO,http://gutenberg.net.au/ebooks14/1403241h.html#story1,2021-06-04T00:00:00Z,2021-06-07T00:00:00Z,1896-03-01T00:00:00Z,Journal,The Windsor Magazine
AMH02,The Case of Mr. Geldard's Elopement,AM,NA,WW,SO,http://gutenberg.net.au/ebooks14/1403241h.html#story2,2021-06-04T00:00:00Z,2021-06-07T00:00:00Z,1896-01-01T00:00:00Z,Journal,The Windsor Magazine
AMH03,The Case of the Dead Skipper,AM,NA,WW,MAL,http://gutenberg.net.au/ebooks14/1403241h.html#story3,2021-06-08T00:00:00Z,2021-06-11T00:00:00Z,1896-05-01T00:00:00Z,Journal,The Windsor Magazine
AMH04,"The Case of the ""Flitterbat Lancers""",AM,NA,WW,MAL,http://gutenberg.net.au/ebooks14/1403241h.html#story4,2021-06-08T00:00:00Z,2021-06-11T00:00:00Z,1896-04-01T00:00:00Z,Journal,The Windsor Magazine
AMH05,The Case of the Late Mr. Rewse,AM,NA,WW,MAL,http://gutenberg.net.au/ebooks14/1403241h.html#story5,2021-06-08T00:00:00Z,2021-06-11T00:00:00Z,1896-02-01T00:00:00Z,Journal,The Windsor Magazine
AMH06,The Case of the Ward Lane Tabernacle,AM,NA,SO,AMB,http://gutenberg.net.au/ebooks14/1403241h.html#story6,2021-06-08T00:00:00Z,2021-06-12T00:00:00Z,1896-06-01T00:00:00Z,Journal,The Windsor Magazine
ELB01,The Black Bag Left on a Door-Step,CKP,NA,WW,MAL,https://digital.library.upenn.edu/women/pirkis/brooke/brooke.html#I,2021-06-08T00:00:00Z,2021-06-14T00:00:00Z,1905-03-07T00:00:00Z,Journal,The Ludgate Monthly
ELB02,The Murder at Troyte's Hill,CKP,NA,SO,AMB,https://digital.library.upenn.edu/women/pirkis/brooke/brooke.html#II,2021-06-08T00:00:00Z,2021-06-12T00:00:00Z,1905-03-07T00:00:00Z,Journal,The Ludgate Monthly
ELB03,The Redhill Sisterhood,CKP,NA,JM,MS,https://digital.library.upenn.edu/women/pirkis/brooke/brooke.html#III,2021-06-08T00:00:00Z,2021-06-10T00:00:00Z,1893-04-01T00:00:00Z,Journal,The Ludgate Monthly
ELB04,A Princess's Vengeance,CKP,NA,CC,SK,https://digital.library.upenn.edu/women/pirkis/brooke/brooke.html#IV,2021-06-08T00:00:00Z,2021-06-10T00:00:00Z,1893-05-01T00:00:00Z,Journal,The Ludgate Monthly
ELB05,Drawn Daggers,CKP,NA,CC,SK,https://digital.library.upenn.edu/women/pirkis/brooke/brooke.html#V,2021-06-08T00:00:00Z,2021-06-10T00:00:00Z,1893-06-01T00:00:00Z,Journal,The Ludgate Monthly
ELB06,The Ghost of Fountain Lane,CKP,NA,CC,SK,https://digital.library.upenn.edu/women/pirkis/brooke/brooke.html#VI,2021-06-08T00:00:00Z,2021-06-10T00:00:00Z,1893-07-01T00:00:00Z,Journal,The Ludgate Monthly
ELB07,Missing!,CKP,NA,CC,SK,https://digital.library.upenn.edu/women/pirkis/brooke/brooke.html#VII,2021-06-08T00:00:00Z,2021-06-10T00:00:00Z,1905-03-08T00:00:00Z,Book,"The Experiences of Loveday Brooke, Lady Detective"
PZ01,The Race of Orven,MPS,NA,WW,MAL,https://www.gutenberg.org/files/10709/10709-h/10709-h.htm#race,2021-06-08T00:00:00Z,2021-06-14T00:00:00Z,1905-03-09T00:00:00Z,Book,Prince Zaleski
PZ02,The Stone of the Edmundsbury Monks,MPS,NA,SO,AMB,https://www.gutenberg.org/files/10709/10709-h/10709-h.htm#stone,2021-06-08T00:00:00Z,2021-06-12T00:00:00Z,1905-03-09T00:00:00Z,Book,Prince Zaleski
PZ03,The S.S.,MPS,NA,JM,MS,https://www.gutenberg.org/files/10709/10709-h/10709-h.htm#thess,2021-06-08T00:00:00Z,2021-06-10T00:00:00Z,1905-03-09T00:00:00Z,Book,Prince Zaleski
OMIC01,The Fenchurch Street Mystery,BO,NA,WW,MAL,https://www.gutenberg.org/files/10556/10556-h/10556-h.htm#CH1,2021-06-08T00:00:00Z,2021-06-14T00:00:00Z,1908-10-20T00:00:00Z,Book,The Old Man in the Corner
OMIC02,The Robbery in Phillimore Terrace,BO,NA,SO,AMB,https://www.gutenberg.org/files/10556/10556-h/10556-h.htm#CH4,2021-06-08T00:00:00Z,2021-06-15T00:00:00Z,1908-10-20T00:00:00Z,Book,The Old Man in the Corner
OMIC03,The York Mystery,BO,NA,SO,AMB,https://www.gutenberg.org/files/10556/10556-h/10556-h.htm#CH7,2021-06-08T00:00:00Z,2021-06-15T00:00:00Z,1908-10-20T00:00:00Z,Book,The Old Man in the Corner
OMIC04,The Mysterious Death on the Underground Railway,BO,NA,SO,AMB,https://www.gutenberg.org/files/10556/10556-h/10556-h.htm#CH10,2021-06-08T00:00:00Z,2021-06-15T00:00:00Z,1908-10-20T00:00:00Z,Book,The Old Man in the Corner
OMIC05,The Liverpool Mystery,BO,NA,JM,MS,https://www.gutenberg.org/files/10556/10556-h/10556-h.htm#CH12,2021-06-08T00:00:00Z,2021-06-11T00:00:00Z,1908-10-20T00:00:00Z,Book,The Old Man in the Corner
OMIC06,The Edinburgh Mystery,BO,NA,JM,MS,https://www.gutenberg.org/files/10556/10556-h/10556-h.htm#CH14,2021-06-08T00:00:00Z,2021-06-11T00:00:00Z,1908-10-20T00:00:00Z,Book,The Old Man in the Corner
OMIC07,The Theft at the English Provident Bank,BO,NA,JM,MS,https://www.gutenberg.org/files/10556/10556-h/10556-h.htm#CH18,2021-06-08T00:00:00Z,2021-06-14T00:00:00Z,1908-10-20T00:00:00Z,Book,The Old Man in the Corner
OMIC08,The Dublin Mystery,BO,NA,JM,MS,https://www.gutenberg.org/files/10556/10556-h/10556-h.htm#CH21,2021-06-08T00:00:00Z,2021-06-14T00:00:00Z,1908-10-20T00:00:00Z,Book,The Old Man in the Corner
OMIC09,An Unparalleled Outrage,BO,NA,CC,SK,https://www.gutenberg.org/files/10556/10556-h/10556-h.htm#CH24,2021-06-08T00:00:00Z,2021-06-10T00:00:00Z,1908-10-20T00:00:00Z,Book,The Old Man in the Corner
OMIC10,The Regent's Park Murder,BO,NA,CC,SK,https://www.gutenberg.org/files/10556/10556-h/10556-h.htm#CH28,2021-06-08T00:00:00Z,2021-06-10T00:00:00Z,1908-10-20T00:00:00Z,Book,The Old Man in the Corner
OMIC11,The De Genneville Peerage,BO,NA,SK,MAL,https://www.gutenberg.org/files/10556/10556-h/10556-h.htm#CH31,2021-06-15T00:00:00Z,2021-06-21T00:00:00Z,1908-10-20T00:00:00Z,Book,The Old Man in the Corner
OMIC12,The Mysterious Death in Percy Street,BO,NA,SK,MAL,https://www.gutenberg.org/files/10556/10556-h/10556-h.htm#CH34,2021-06-15T00:00:00Z,2021-06-21T00:00:00Z,1908-10-20T00:00:00Z,Book,The Old Man in the Corner
CME01,The Case of Miss Elliott,BO,NA,SK,MAL,http://gutenberg.net.au/ebooks20/2000141h.html#TheCaseofMissElliott,2021-06-15T00:00:00Z,2021-06-21T00:00:00Z,1908-10-20T00:00:00Z,Book,The Old Man in the Corner
CME02,The Hocussing of Cigarette,BO,NA,WW,SO,http://gutenberg.net.au/ebooks20/2000141h.html#TheHocussingofCigarette,2021-06-01T00:00:00Z,2021-06-05T00:00:00Z,1905-03-18T00:00:00Z,Journal,The Royal Magazine
CME03,The Tragedy in Dartmoor Terrace,BO,NA,WW,SO,http://gutenberg.net.au/ebooks20/2000141h.html#TheTragedyinDartmoorTerrace,2021-06-01T00:00:00Z,2021-06-05T00:00:00Z,1905-03-18T00:00:00Z,Journal,The Royal Magazine
CME04,Who Stole the Black Diamonds?,BO,NA,WW,SO,http://gutenberg.net.au/ebooks20/2000141h.html#WhoStoletheBlackDiamonds,2021-06-01T00:00:00Z,2021-06-05T00:00:00Z,1905-03-18T00:00:00Z,Journal,The Royal Magazine
CME05,The Murder of Miss Pebmarsh,BO,NA,SK,MAL,http://gutenberg.net.au/ebooks20/2000141h.html#TheMurderofMissPebmarsh,2021-06-15T00:00:00Z,2021-06-21T00:00:00Z,1904-05-01T00:00:00Z,Journal,The Royal Magazine
CME06,The Lisson Grove Mystery,BO,NA,SK,MAL,http://gutenberg.net.au/ebooks20/2000141h.html#TheLissonGroveMystery,2021-06-15T00:00:00Z,2021-06-21T00:00:00Z,1904-05-01T00:00:00Z,Journal,The Royal Magazine
CME07,The Tremarn Case,BO,NA,CC,WW,http://gutenberg.net.au/ebooks20/2000141h.html#TheTremarnCase,2021-06-15T00:00:00Z,2021-06-21T00:00:00Z,1905-03-18T00:00:00Z,Journal,The Royal Magazine
CME08,The Fate of the Artemis,BO,NA,CC,WW,http://gutenberg.net.au/ebooks20/2000141h.html#TheFateoftheArtemis,2021-06-15T00:00:00Z,2021-06-21T00:00:00Z,1905-03-18T00:00:00Z,Journal,The Royal Magazine
CME09,The Disappearance of Count Collini,BO,NA,CC,WW,http://gutenberg.net.au/ebooks20/2000141h.html#TheDisappearanceofCountCollini,2021-06-15T00:00:00Z,2021-06-21T00:00:00Z,1905-03-18T00:00:00Z,Journal,The Royal Magazine
CME10,The Ayrsham Mystery,BO,NA,CC,WW,http://gutenberg.net.au/ebooks20/2000141h.html#TheAyrshamMystery,2021-06-15T00:00:00Z,2021-06-21T00:00:00Z,1905-03-18T00:00:00Z,Journal,The Royal Magazine
CME11,The Affair at the Novelty Theatre,BO,NA,CC,WW,http://gutenberg.net.au/ebooks20/2000141h.html#TheAffairattheNoveltyTheatre,2021-06-15T00:00:00Z,2021-06-21T00:00:00Z,1905-03-18T00:00:00Z,Journal,The Royal Magazine
CME12,The Tragedy of Barnsdale Manor,BO,NA,CC,WW,http://gutenberg.net.au/ebooks20/2000141h.html#TheTragedyofBarnsdaleManor,2021-06-15T00:00:00Z,2021-06-21T00:00:00Z,1905-03-18T00:00:00Z,Journal,The Royal Magazine
LMSY01,The Ninescore Mystery,BO,NA,SO,MS,http://gutenberg.net.au/ebooks06/0602751h.html#TheNinescoreMystery,2021-06-15T00:00:00Z,2021-06-18T00:00:00Z,1905-03-24T00:00:00Z,Book,Lady Molly of Scotland Yard
LMSY02,The Frewin Miniatures,BO,NA,SO,MS,http://gutenberg.net.au/ebooks06/0602751h.html#TheFrewinMiniatures,2021-06-15T00:00:00Z,2021-06-18T00:00:00Z,1905-03-24T00:00:00Z,Book,Lady Molly of Scotland Yard
LMSY03,The Irish-Tweed Coat,BO,NA,SO,MS,http://gutenberg.net.au/ebooks06/0602751h.html#TheIrishTweedCoat,2021-06-15T00:00:00Z,2021-06-18T00:00:00Z,1905-03-24T00:00:00Z,Book,Lady Molly of Scotland Yard
LMSY04,The Fordwych Castle Mystery,BO,NA,SO,MS,http://gutenberg.net.au/ebooks06/0602751h.html#TheFordwychCastleMystery,2021-06-15T00:00:00Z,2021-06-18T00:00:00Z,1905-03-24T00:00:00Z,Book,Lady Molly of Scotland Yard
LMSY05,A Day’s Folly,BO,NA,SO,MS,http://gutenberg.net.au/ebooks06/0602751h.html#ADaysFolly,2021-06-15T00:00:00Z,2021-06-18T00:00:00Z,1905-03-24T00:00:00Z,Book,Lady Molly of Scotland Yard
LMSY06,A Castle In Brittany,BO,NA,SO,MS,http://gutenberg.net.au/ebooks06/0602751h.html#ACastleInBrittany,2021-06-15T00:00:00Z,2021-06-18T00:00:00Z,1905-03-24T00:00:00Z,Book,Lady Molly of Scotland Yard
LMSY07,A Christmas Tragedy,BO,NA,AMB,JM,http://gutenberg.net.au/ebooks06/0602751h.html#AChristmasTragedy,2021-06-15T00:00:00Z,2021-06-18T00:00:00Z,1905-03-24T00:00:00Z,Book,Lady Molly of Scotland Yard
LMSY08,The Bag Of Sand,BO,NA,AMB,JM,http://gutenberg.net.au/ebooks06/0602751h.html#TheBagOfSand,2021-06-15T00:00:00Z,2021-06-18T00:00:00Z,1905-03-24T00:00:00Z,Book,Lady Molly of Scotland Yard
LMSY09,The Man In The Inverness Cape,BO,NA,AMB,JM,http://gutenberg.net.au/ebooks06/0602751h.html#TheManInTheInvernessCape,2021-06-15T00:00:00Z,2021-06-18T00:00:00Z,1905-03-24T00:00:00Z,Book,Lady Molly of Scotland Yard
LMSY10,The Woman In The Big Hat,BO,NA,AMB,JM,http://gutenberg.net.au/ebooks06/0602751h.html#TheWomanInTheBigHat,2021-06-15T00:00:00Z,2021-06-22T00:00:00Z,1905-03-24T00:00:00Z,Book,Lady Molly of Scotland Yard
LMSY11,Sir Jeremiah’s Will,BO,NA,AMB,JM,http://gutenberg.net.au/ebooks06/0602751h.html#SirJeremiahsWill,2021-06-15T00:00:00Z,2021-06-22T00:00:00Z,1905-03-24T00:00:00Z,Book,Lady Molly of Scotland Yard
JTC01,The Man with the Nailed Shoes,AF,NA,CC,MAL,https://www.gutenberg.org/files/13882/13882-h/13882-h.htm#I,2021-06-22T00:00:00Z,2021-06-28T00:00:00Z,1905-03-23T00:00:00Z,Book,John Thorndyke's Cases
JTC02,The Stranger's Latchkey,AF,NA,CC,MAL,https://www.gutenberg.org/files/13882/13882-h/13882-h.htm#II,2021-06-22T00:00:00Z,2021-06-28T00:00:00Z,1905-03-23T00:00:00Z,Book,John Thorndyke's Cases
JTC03,The Anthropologist at Large,AF,NA,CC,MAL,https://www.gutenberg.org/files/13882/13882-h/13882-h.htm#III,2021-06-22T00:00:00Z,2021-06-28T00:00:00Z,1905-03-23T00:00:00Z,Book,John Thorndyke's Cases
JTC04,The Blue Sequin,AF,NA,CC,MAL,https://www.gutenberg.org/files/13882/13882-h/13882-h.htm#IV,2021-06-22T00:00:00Z,2021-06-28T00:00:00Z,1905-03-23T00:00:00Z,Book,John Thorndyke's Cases
JTC05,The Moabite Cipher,AF,NA,CC,MAL,https://www.gutenberg.org/files/13882/13882-h/13882-h.htm#V,2021-06-22T00:00:00Z,2021-06-28T00:00:00Z,1905-03-23T00:00:00Z,Book,John Thorndyke's Cases
JTC06,The Mandarin's Pearl,AF,NA,CC,MAL,https://www.gutenberg.org/files/13882/13882-h/13882-h.htm#VI,2021-06-22T00:00:00Z,2021-06-28T00:00:00Z,1905-03-23T00:00:00Z,Book,John Thorndyke's Cases
JTC07,The Aluminium Dagger,AF,NA,CC,MAL,https://www.gutenberg.org/files/13882/13882-h/13882-h.htm#VII,2021-06-22T00:00:00Z,2021-06-28T00:00:00Z,1905-03-23T00:00:00Z,Book,John Thorndyke's Cases
JTC08,A Message from the Deep Sea,AF,NA,CC,MAL,https://www.gutenberg.org/files/13882/13882-h/13882-h.htm#VIII,2021-06-22T00:00:00Z,2021-06-28T00:00:00Z,1905-03-23T00:00:00Z,Book,John Thorndyke's Cases
TSB01,The Case of Oscar Brodski,AF,NA,CC,MAL,https://www.gutenberg.org/files/59478/59478-h/59478-h.htm#toc1,2021-06-22T00:00:00Z,2021-06-28T00:00:00Z,1905-03-26T00:00:00Z,Book,The Singing Bone
TSB02,A Case of Premeditation,AF,NA,CC,MAL,https://www.gutenberg.org/files/59478/59478-h/59478-h.htm#toc2,2021-06-22T00:00:00Z,2021-06-28T00:00:00Z,1905-03-26T00:00:00Z,Book,The Singing Bone
TSB03,The Echo of a Mutiny,AF,NA,SO,SK,https://www.gutenberg.org/files/59478/59478-h/59478-h.htm#toc3,2021-06-22T00:00:00Z,2021-06-29T00:00:00Z,1905-03-26T00:00:00Z,Book,The Singing Bone
TSB04,A Wastrel’s Romance,AF,NA,SO,SK,https://www.gutenberg.org/files/59478/59478-h/59478-h.htm#toc4,2021-06-22T00:00:00Z,2021-06-29T00:00:00Z,1905-03-26T00:00:00Z,Book,The Singing Bone
TSB05,The Old Lag,AF,NA,SO,SK,https://www.gutenberg.org/files/59478/59478-h/59478-h.htm#toc5,2021-06-22T00:00:00Z,2021-06-29T00:00:00Z,1905-03-26T00:00:00Z,Book,The Singing Bone
GPM01,The Great Portrait Mystery,AF,NA,CC,AMB,http://gutenberg.net.au/ebooks05/0500471h.html#ch-01,2021-06-29T00:00:00Z,2021-07-05T00:00:00Z,1905-04-01T00:00:00Z,Book,The Great Portrait Mystery
GPM02,The Bronze Parrot,AF,NA,CC,AMB,http://gutenberg.net.au/ebooks05/0500471h.html#ch-02,2021-06-29T00:00:00Z,2021-07-05T00:00:00Z,1905-04-01T00:00:00Z,Book,The Great Portrait Mystery
GPM03,The Missing Mortgagee,AF,NA,CC,AMB,http://gutenberg.net.au/ebooks05/0500471h.html#ch-03,2021-06-29T00:00:00Z,2021-07-05T00:00:00Z,1905-04-01T00:00:00Z,Book,The Great Portrait Mystery
GPM04,Powder Blue and Hawthorn,AF,NA,CC,AMB,http://gutenberg.net.au/ebooks05/0500471h.html#ch-04,2021-06-29T00:00:00Z,2021-07-05T00:00:00Z,1905-04-01T00:00:00Z,Book,The Great Portrait Mystery
GPM05,Percival Bland's Proxy,AF,NA,CC,AMB,http://gutenberg.net.au/ebooks05/0500471h.html#ch-05,2021-06-29T00:00:00Z,2021-07-05T00:00:00Z,1905-04-01T00:00:00Z,Book,The Great Portrait Mystery
GPM06,The Attorney's Conscience,AF,NA,CC,AMB,http://gutenberg.net.au/ebooks05/0500471h.html#ch-06,2021-06-29T00:00:00Z,2021-07-05T00:00:00Z,1905-04-01T00:00:00Z,Book,The Great Portrait Mystery
GPM07,The Luck of Barnabas Mudge,AF,NA,CC,AMB,http://gutenberg.net.au/ebooks05/0500471h.html#ch-07,2021-06-29T00:00:00Z,2021-07-08T00:00:00Z,1905-04-01T00:00:00Z,Book,The Great Portrait Mystery
MC01,The Coin of Dionysius,EB,NA,SO,SK,https://www.gutenberg.org/files/34732/34732-h/34732-h.htm#THE_COIN_OF_DIONYSIUS,2021-06-22T00:00:00Z,2021-06-29T00:00:00Z,1913-08-17T00:00:00Z,Journal,The News of the World
MC02,The Knight’s Cross Signal Problem,EB,NA,SO,SK,https://www.gutenberg.org/files/34732/34732-h/34732-h.htm#THE_KNIGHT8217S_CROSS_SIGNAL_PROBLEM,2021-06-22T00:00:00Z,2021-06-29T00:00:00Z,1913-08-31T00:00:00Z,Journal,The News of the World
MC03,The Tragedy at Brookbend Cottage,EB,NA,SO,SK,https://www.gutenberg.org/files/34732/34732-h/34732-h.htm#THE_TRAGEDY_AT_BROOKBEND_COTTAGE,2021-06-22T00:00:00Z,2021-06-29T00:00:00Z,1913-09-14T00:00:00Z,Journal,The News of the World
MC04,The Clever Mrs Straithwaite,EB,NA,SO,SK,https://www.gutenberg.org/files/34732/34732-h/34732-h.htm#THE_CLEVER_MRS_STRAITHWAITE,2021-06-22T00:00:00Z,2021-06-29T00:00:00Z,1913-09-28T00:00:00Z,Journal,The News of the World
MC05,The Last Exploit of Harry the Actor,EB,NA,SO,SK,https://www.gutenberg.org/files/34732/34732-h/34732-h.htm#THE_LAST_EXPLOIT_OF_HARRY_THE_ACTOR,2021-06-22T00:00:00Z,2021-06-29T00:00:00Z,1913-10-12T00:00:00Z,Journal,The News of the World
MC06,The Tilling Shaw Mystery,EB,NA,SO,SK,https://www.gutenberg.org/files/34732/34732-h/34732-h.htm#THE_TILLING_SHAW_MYSTERY,2021-06-22T00:00:00Z,2021-06-29T00:00:00Z,1913-11-23T00:00:00Z,Journal,The News of the World
MC07,The Comedy at Fountain Cottage,EB,NA,WW,AMB,https://www.gutenberg.org/files/34732/34732-h/34732-h.htm#THE_COMEDY_AT_FOUNTAIN_COTTAGE,2021-06-22T00:00:00Z,2021-06-27T00:00:00Z,1913-10-26T00:00:00Z,Journal,The News of the World
MC08,The Game Played in the Dark,EB,NA,WW,AMB,https://www.gutenberg.org/files/34732/34732-h/34732-h.htm#THE_COMEDY_AT_FOUNTAIN_COTTAGE,2021-06-22T00:00:00Z,2021-06-27T00:00:00Z,1913-12-28T00:00:00Z,Journal,The News of the World
TCD01,The Physician Who Healed Himself,EWH,NA,WW,AMB,https://www.gutenberg.org/files/37338/37338-h/37338-h.htm#I,2021-06-22T00:00:00Z,2021-06-27T00:00:00Z,NA,NA,NA
TCD02,The Life-Preserver,EWH,NA,WW,AMB,https://www.gutenberg.org/files/37338/37338-h/37338-h.htm#II,2021-06-22T00:00:00Z,2021-06-27T00:00:00Z,NA,NA,NA
TCD03,A Hopeless Case,EWH,NA,WW,AMB,https://www.gutenberg.org/files/37338/37338-h/37338-h.htm#III,2021-06-22T00:00:00Z,2021-06-27T00:00:00Z,NA,NA,NA
TCD04,The Golden Key,EWH,NA,WW,AMB,https://www.gutenberg.org/files/37338/37338-h/37338-h.htm#IV,2021-06-22T00:00:00Z,NA,1905-03-28T00:00:00Z,Book,The Crime Doctor
TCD05,A Schoolmaster Abroad,EWH,NA,WW,AMB,https://www.gutenberg.org/files/37338/37338-h/37338-h.htm#V,2021-06-22T00:00:00Z,NA,1905-03-28T00:00:00Z,Book,The Crime Doctor
TCD06,One Possessed,EWH,NA,WW,AMB,https://www.gutenberg.org/files/37338/37338-h/37338-h.htm#VI,2021-06-22T00:00:00Z,NA,1905-03-28T00:00:00Z,Book,The Crime Doctor
TCD07,The Doctor's Assistant,EWH,NA,WW,AMB,https://www.gutenberg.org/files/37338/37338-h/37338-h.htm#VII,2021-06-22T00:00:00Z,NA,NA,NA,NA
TCD08,The Second Murderer,EWH,NA,WW,AMB,https://www.gutenberg.org/files/37338/37338-h/37338-h.htm#VIII,2021-06-22T00:00:00Z,NA,NA,NA,NA
PVDS01,The Mystery of Cell 13,JF,NA,JM,MS,http://freeread.com.au/@rglibrary/JacquesFutrelle/VanDusen/PVD-01-TheMysteryOfCell13.html,2021-06-22T00:00:00Z,2021-06-24T00:00:00Z,1905-11-05T00:00:00Z,Journal,Boston American
PVDS02,The Problem of Dressing Room A,JF,NA,JM,MS,http://freeread.com.au/@rglibrary/JacquesFutrelle/VanDusen/PVD-02-DressingRoomA.html,2021-06-22T00:00:00Z,2021-06-24T00:00:00Z,1906-09-02T00:00:00Z,Journal,Associated Sunday Magazine
PVDS03,The Problem of the Motor Boat,JF,NA,JM,MS,http://freeread.com.au/@rglibrary/JacquesFutrelle/VanDusen/PVD-04-TheMotorBoat.html,2021-06-22T00:00:00Z,2021-06-24T00:00:00Z,1906-09-09T00:00:00Z,Journal,Associated Sunday Magazine
PVDS04,A Piece of String,JF,NA,JM,MS,http://freeread.com.au/@rglibrary/JacquesFutrelle/VanDusen/PVD-05-APieceOfString.html,2021-06-22T00:00:00Z,2021-06-24T00:00:00Z,1906-09-16T00:00:00Z,Journal,Associated Sunday Magazine
PVDS05,The Problem of the Crystal Gazer,JF,NA,JM,MS,http://freeread.com.au/@rglibrary/JacquesFutrelle/VanDusen/PVD-06-TheCrystalGazer.html,2021-06-22T00:00:00Z,2021-06-24T00:00:00Z,1906-09-23T00:00:00Z,Journal,Associated Sunday Magazine
PVDS06,The Roswell Tiara,JF,NA,JM,MS,http://freeread.com.au/@rglibrary/JacquesFutrelle/VanDusen/PVD-07-TheRoswellTiara.html,2021-06-22T00:00:00Z,2021-06-28T00:00:00Z,1906-09-30T00:00:00Z,Journal,Associated Sunday Magazine
PVDS07,The Problem of the Lost Radium,JF,NA,JM,MS,http://freeread.com.au/@rglibrary/JacquesFutrelle/VanDusen/PVD-08-TheLostRadium.html,2021-06-22T00:00:00Z,2021-06-28T00:00:00Z,1906-10-07T00:00:00Z,Journal,Associated Sunday Magazine
PVDS08,The Problem of the Opera Box,JF,NA,JM,MS,http://freeread.com.au/@rglibrary/JacquesFutrelle/VanDusen/PVD-09-TheOperaBox.html,2021-06-22T00:00:00Z,2021-06-28T00:00:00Z,1906-10-14T00:00:00Z,Journal,Associated Sunday Magazine
PVDS09,The Problem of the Missing Necklace,JF,NA,JM,MS,http://freeread.com.au/@rglibrary/JacquesFutrelle/VanDusen/PVD-10-TheMissingNecklace.html,2021-06-22T00:00:00Z,2021-06-28T00:00:00Z,1906-10-21T00:00:00Z,Journal,Associated Sunday Magazine
PVDS10,The Problem of the Green-Eyed Monster,JF,NA,JM,MS,http://freeread.com.au/@rglibrary/JacquesFutrelle/VanDusen/PVD-11-TheGreenEyedMonster.html,2021-06-22T00:00:00Z,2021-06-28T00:00:00Z,1906-10-28T00:00:00Z,Journal,Associated Sunday Magazine
PVDS11,The Problem of the Perfect Alibi,JF,NA,CC,AMB,http://freeread.com.au/@rglibrary/JacquesFutrelle/VanDusen/PVD-12-ThePerfectAlibi.html,2021-06-30T00:00:00Z,2021-07-07T00:00:00Z,1906-11-04T00:00:00Z,Journal,Associated Sunday Magazine
PVDS12,Problem of the Phantom Auto,JF,NA,CC,AMB,http://freeread.com.au/@rglibrary/JacquesFutrelle/VanDusen/PVD-13-ThePhantomAuto.html,2021-06-30T00:00:00Z,2021-07-07T00:00:00Z,1906-11-11T00:00:00Z,NA,NA
PVDS13,The Haunted Bell,JF,NA,CC,AMB,http://freeread.com.au/@rglibrary/JacquesFutrelle/VanDusen/PVD-14-TheHauntedBell.html,2021-06-30T00:00:00Z,2021-07-07T00:00:00Z,1906-11-17T00:00:00Z,Journal,The Saturday Evening Post
PVDS14,The Problem of the Stolen Bank Notes,JF,NA,MS,WW,http://freeread.com.au/@rglibrary/JacquesFutrelle/VanDusen/PVD-15-TheStolenBankNotes.html,2021-06-30T00:00:00Z,2021-07-04T00:00:00Z,1906-11-18T00:00:00Z,Journal,Associated Sunday Magazine
PVDS15,The Problem of the Superfluous Finger,JF,NA,MS,WW,http://freeread.com.au/@rglibrary/JacquesFutrelle/VanDusen/PVD-16-TheSuperfluousFinger.html,2021-06-30T00:00:00Z,2021-07-04T00:00:00Z,1906-11-25T00:00:00Z,Journal,Associated Sunday Magazine
PVDS16,My First Experience with the Great Logician,JF,NA,MS,WW,http://freeread.com.au/@rglibrary/JacquesFutrelle/VanDusen/PVD-17-MyFrstExperience.html,2021-06-30T00:00:00Z,2021-07-04T00:00:00Z,1907-01-20T00:00:00Z,Journal,Associated Sunday Magazine
PVDS17,The Problem of the Knotted Cord,JF,NA,MS,WW,http://freeread.com.au/@rglibrary/JacquesFutrelle/VanDusen/PVD-18-TheKnottedCord.html,2021-06-30T00:00:00Z,2021-07-04T00:00:00Z,1907-01-20T00:00:00Z,Journal,Associated Sunday Magazine
PVDS18,The Problem of the Souvenir Cards,JF,NA,MS,WW,http://freeread.com.au/@rglibrary/JacquesFutrelle/VanDusen/PVD-19-TheSouvenirCards.html,2021-06-30T00:00:00Z,2021-07-04T00:00:00Z,1907-02-03T00:00:00Z,Journal,Associated Sunday Magazine
PVDS19,The Problem of the Stolen Rubens,JF,NA,MS,WW,http://freeread.com.au/@rglibrary/JacquesFutrelle/VanDusen/PVD-20-TheStolenRubens.html,2021-06-30T00:00:00Z,2021-07-07T00:00:00Z,1907-02-17T00:00:00Z,Journal,Associated Sunday Magazine
PVDS20,The Three Overcoats,JF,NA,MS,WW,http://freeread.com.au/@rglibrary/JacquesFutrelle/VanDusen/PVD-21-TheThreeOvercoats.html,2021-06-30T00:00:00Z,2021-07-07T00:00:00Z,1907-03-03T00:00:00Z,Journal,Associated Sunday Magazine
PVDS21,The Problem of the Organ Grinder,JF,NA,MS,WW,http://freeread.com.au/@rglibrary/JacquesFutrelle/VanDusen/PVD-22-TheOrganGrinder.html,2021-06-30T00:00:00Z,2021-07-07T00:00:00Z,1907-03-17T00:00:00Z,Journal,Associated Sunday Magazine
PVDS22,The Problem of the Hidden Million,JF,NA,MS,WW,http://freeread.com.au/@rglibrary/JacquesFutrelle/VanDusen/PVD-23-TheHiddenMillion.html,2021-06-30T00:00:00Z,2021-07-07T00:00:00Z,1907-03-31T00:00:00Z,Journal,Associated Sunday Magazine
PVDS23,The Problem of the Auto Cab,JF,NA,MS,WW,http://freeread.com.au/@rglibrary/JacquesFutrelle/VanDusen/PVD-24-TheAutoCab.html,2021-06-30T00:00:00Z,2021-07-07T00:00:00Z,1907-04-14T00:00:00Z,Journal,Associated Sunday Magazine
PVDS24,Problem of the Private Compartment,JF,NA,MAL,SO,http://freeread.com.au/@rglibrary/JacquesFutrelle/VanDusen/PVD-25-ThePrivateCompartment.html,2021-06-30T00:00:00Z,2021-07-04T00:00:00Z,1907-04-28T00:00:00Z,Journal,Associated Sunday Magazine
PVDS25,The Problem of the Cross Mark,JF,NA,MAL,SO,http://freeread.com.au/@rglibrary/JacquesFutrelle/VanDusen/PVD-26-TheCrossMark.html,2021-06-30T00:00:00Z,2021-07-04T00:00:00Z,1907-05-12T00:00:00Z,Journal,Associated Sunday Magazine
PVDS26,The Problem of the Ghost Woman,JF,NA,MAL,SO,http://freeread.com.au/@rglibrary/JacquesFutrelle/VanDusen/PVD-27-TheGhostWoman.html,2021-06-30T00:00:00Z,2021-07-04T00:00:00Z,1907-05-26T00:00:00Z,Journal,Associated Sunday Magazine
PVDS27,The Silver Box,JF,NA,MAL,SO,http://freeread.com.au/@rglibrary/JacquesFutrelle/VanDusen/PVD-28-TheSilverBox.html,2021-06-30T00:00:00Z,2021-07-04T00:00:00Z,1907-06-09T00:00:00Z,Journal,Associated Sunday Magazine
PVDS28,The Problem of Convict No. 97,JF,NA,MAL,SO,http://freeread.com.au/@rglibrary/JacquesFutrelle/VanDusen/PVD-29-ConvictNo97.html,2021-06-30T00:00:00Z,2021-07-04T00:00:00Z,1907-06-23T00:00:00Z,Journal,Associated Sunday Magazine
PVDS29,The Problem of the Deserted House,JF,NA,MAL,SO,http://freeread.com.au/@rglibrary/JacquesFutrelle/VanDusen/PVD-30-TheDesertedHouse.html,2021-06-30T00:00:00Z,2021-07-04T00:00:00Z,1907-07-07T00:00:00Z,Journal,Associated Sunday Magazine
PVDS30,Problem of the Red Rose,JF,NA,MAL,SO,http://freeread.com.au/@rglibrary/JacquesFutrelle/VanDusen/PVD-31-TheRedRose.html,2021-06-30T00:00:00Z,2021-07-04T00:00:00Z,1907-07-21T00:00:00Z,Journal,Associated Sunday Magazine
PVDS31,The Problem of the Vanishing Man,JF,NA,MAL,SO,http://freeread.com.au/@rglibrary/JacquesFutrelle/VanDusen/PVD-32-TheVanishingMan.html,2021-06-30T00:00:00Z,2021-07-04T00:00:00Z,1907-08-11T00:00:00Z,Journal,Associated Sunday Magazine
PVDS32,The Problem of the Broken Bracelet,JF,NA,MAL,SO,http://freeread.com.au/@rglibrary/JacquesFutrelle/VanDusen/PVD-33-TheBrokenBracelet.html,2021-06-30T00:00:00Z,2021-07-04T00:00:00Z,1907-09-08T00:00:00Z,Journal,Associated Sunday Magazine
PVDS33,Problem of the Interrupted Wireless,JF,NA,MAL,SO,http://freeread.com.au/@rglibrary/JacquesFutrelle/VanDusen/PVD-34-TheInterruptedWireless.html,2021-06-30T00:00:00Z,2021-07-04T00:00:00Z,1907-11-03T00:00:00Z,Journal,Associated Sunday Magazine
PVDS34,The Grinning God,LMF,JF,JM,SK,"Search for ""The Grinning God"" here: http://gutenberg.net.au/ebooks11/1100831.txt",2021-06-30T00:00:00Z,2021-07-03T00:00:00Z,1907-12-01T00:00:00Z,Book,Tales of the Thinking Machine and Other Stories
PVDS35,The Disappearance of Baby Blake,JF,NA,JM,SK,http://freeread.com.au/@rglibrary/JacquesFutrelle/VanDusen/PVD-36-TheDisappearanceOfBabyBlake.html,2021-06-30T00:00:00Z,2021-07-03T00:00:00Z,1907-12-08T00:00:00Z,Journal,Associated Sunday Magazine
PVDS36,The Mystery of Prince Otto,JF,NA,JM,SK,http://freeread.com.au/@rglibrary/JacquesFutrelle/VanDusen/PVD-37-TheMysteryOfPrinceOtto.html,2021-06-30T00:00:00Z,2021-07-03T00:00:00Z,1912-07-01T00:00:00Z,Journal,Cassell's Magazine of Fiction
PVDS37,The Tragedy of the Life-Raft,JF,NA,JM,SK,http://freeread.com.au/@rglibrary/JacquesFutrelle/VanDusen/PVD-38-TheTragedyOfTheLifeRaft.html,2021-06-30T00:00:00Z,2021-07-03T00:00:00Z,1912-08-01T00:00:00Z,Journal,Popular Magazine
PVDS38,The Case of the Scientific Murderer,JF,NA,JM,SK,http://freeread.com.au/@rglibrary/JacquesFutrelle/VanDusen/PVD-39-TheScientificMurderer.html,2021-06-30T00:00:00Z,2021-07-03T00:00:00Z,1912-09-01T00:00:00Z,Journal,Popular Magazine
PVDS39,The Jackdaw,JF,NA,JM,SK,http://freeread.com.au/@rglibrary/JacquesFutrelle/VanDusen/PVD-40-TheJackdaw.html,2021-06-30T00:00:00Z,2021-07-03T00:00:00Z,1912-09-15T00:00:00Z,Journal,Popular Magazine
PVDS40,The Great Auto Mystery,JF,NA,JM,SK,http://freeread.com.au/@rglibrary/JacquesFutrelle/VanDusen/PVD-41-TheGreatAutoMystery.html,2021-06-30T00:00:00Z,2021-07-03T00:00:00Z,1905-03-21T00:00:00Z,Book,The Thinking Machine
PVDS41,The Mystery of the Fatal Cipher,JF,NA,JM,SK,http://freeread.com.au/@rglibrary/JacquesFutrelle/VanDusen/PVD-42-TheFatalCipher.html,2021-06-30T00:00:00Z,2021-07-03T00:00:00Z,1907-02-03T00:00:00Z,Journal,Associated Sunday Magazine
PVDS42,The Mystery of the Flaming Phantom,JF,NA,JM,SK,http://freeread.com.au/@rglibrary/JacquesFutrelle/VanDusen/PVD-43-TheFlamingPhantom.html,2021-06-30T00:00:00Z,2021-07-03T00:00:00Z,1905-03-21T00:00:00Z,Book,The Thinking Machine
PVDS43,The Mystery of the Golden Dagger,JF,NA,JM,SK,http://freeread.com.au/@rglibrary/JacquesFutrelle/VanDusen/PVD-44-TheGoldenDagger.html,2021-06-30T00:00:00Z,2021-07-03T00:00:00Z,1905-03-21T00:00:00Z,Book,The Thinking Machine
PVDS44,The Mystery of the Grip of Death,JF,NA,CC,SK,http://freeread.com.au/@rglibrary/JacquesFutrelle/VanDusen/PVD-45-TheGripOfDeath.html,2021-07-06T00:00:00Z,2021-07-11T00:00:00Z,1905-03-21T00:00:00Z,Book,The Thinking Machine
PVDS45,The Mystery of the Man Who Was Lost,JF,NA,CC,SK,http://freeread.com.au/@rglibrary/JacquesFutrelle/VanDusen/PVD-46-TheManWhoWasLost.html,2021-07-06T00:00:00Z,2021-07-11T00:00:00Z,1905-03-21T00:00:00Z,Book,The Thinking Machine
PVDS46,The Mystery of a Studio,JF,NA,CC,SK,http://freeread.com.au/@rglibrary/JacquesFutrelle/VanDusen/PVD-47-TheMysteryOfAStudio.html,2021-07-06T00:00:00Z,2021-07-11T00:00:00Z,1905-03-21T00:00:00Z,Book,The Thinking Machine
PVDS47,The Mystery of the Ralston Bank Burglary,JF,NA,CC,SK,http://freeread.com.au/@rglibrary/JacquesFutrelle/VanDusen/PVD-48-TheRalstonBankBurglary.html,2021-07-06T00:00:00Z,2021-07-11T00:00:00Z,1905-03-21T00:00:00Z,Book,The Thinking Machine
PVDS48,The Mystery of the Scarlet Thread,JF,NA,CC,SK,http://freeread.com.au/@rglibrary/JacquesFutrelle/VanDusen/PVD-49-TheScarletThread.html,2021-07-06T00:00:00Z,2021-07-11T00:00:00Z,1905-03-21T00:00:00Z,Book,The Thinking Machine
ATT01,The Queensferry Mystery,JEPM,NA,CC,SK,http://freeread.com.au/@rglibrary/JEMuddock/Donovan/Stories/TheAdventuresOfTylerTatlock.html#ch01,2021-07-06T00:00:00Z,2021-07-11T00:00:00Z,1900-11-01T00:00:00Z,Book,The Adventures of Tylor Tatlock
ATT02,The Clue of the Silver Jug,JEPM,NA,CC,SK,http://freeread.com.au/@rglibrary/JEMuddock/Donovan/Stories/TheAdventuresOfTylerTatlock.html#ch02,2021-07-06T00:00:00Z,2021-07-17T00:00:00Z,1900-11-01T00:00:00Z,Book,The Adventures of Tylor Tatlock
ATT03,Tracing a Traitor,JEPM,NA,CC,SK,http://freeread.com.au/@rglibrary/JEMuddock/Donovan/Stories/TheAdventuresOfTylerTatlock.html#ch03,2021-07-06T00:00:00Z,2021-07-17T00:00:00Z,1900-11-01T00:00:00Z,Book,The Adventures of Tylor Tatlock
ATT04,The Big Loan Fraud,JEPM,NA,CC,SK,http://freeread.com.au/@rglibrary/JEMuddock/Donovan/Stories/TheAdventuresOfTylerTatlock.html#ch04,2021-07-06T00:00:00Z,2021-07-17T00:00:00Z,1900-11-01T00:00:00Z,Book,The Adventures of Tylor Tatlock
ATT05,The Missing Bride,JEPM,NA,MS,AMB,http://freeread.com.au/@rglibrary/JEMuddock/Donovan/Stories/TheAdventuresOfTylerTatlock.html#ch05,2021-07-06T00:00:00Z,NA,1900-11-01T00:00:00Z,Book,The Adventures of Tylor Tatlock
ATT06,Loved and Lost,JEPM,NA,MS,AMB,http://freeread.com.au/@rglibrary/JEMuddock/Donovan/Stories/TheAdventuresOfTylerTatlock.html#ch06,2021-07-06T00:00:00Z,NA,1900-11-01T00:00:00Z,Book,The Adventures of Tylor Tatlock
ATT07,The Forged Cheque,JEPM,NA,MS,AMB,http://freeread.com.au/@rglibrary/JEMuddock/Donovan/Stories/TheAdventuresOfTylerTatlock.html#ch07,2021-07-06T00:00:00Z,NA,1900-11-01T00:00:00Z,Book,The Adventures of Tylor Tatlock
ATT08,The Gold-seeker's Strange Fate:,JEPM,NA,MS,AMB,http://freeread.com.au/@rglibrary/JEMuddock/Donovan/Stories/TheAdventuresOfTylerTatlock.html#ch08,2021-07-06T00:00:00Z,NA,1900-11-01T00:00:00Z,Book,The Adventures of Tylor Tatlock
ATT09,An Astounding Romance of Real Life,JEPM,NA,MS,AMB,http://freeread.com.au/@rglibrary/JEMuddock/Donovan/Stories/TheAdventuresOfTylerTatlock.html#ch09,2021-07-06T00:00:00Z,NA,1900-11-01T00:00:00Z,Book,The Adventures of Tylor Tatlock
ATT10,With a Passing Glory,JEPM,NA,MS,AMB,http://freeread.com.au/@rglibrary/JEMuddock/Donovan/Stories/TheAdventuresOfTylerTatlock.html#ch10,2021-07-06T00:00:00Z,NA,1900-11-01T00:00:00Z,Book,The Adventures of Tylor Tatlock
ATT11,The Mystery of the Gravel Pits Farm,JEPM,NA,JM,MAL,http://freeread.com.au/@rglibrary/JEMuddock/Donovan/Stories/TheAdventuresOfTylerTatlock.html#ch11,2021-07-06T00:00:00Z,NA,1900-11-01T00:00:00Z,Book,The Adventures of Tylor Tatlock
ATT12,The Sign of the Yellow Star,JEPM,NA,JM,MAL,http://freeread.com.au/@rglibrary/JEMuddock/Donovan/Stories/TheAdventuresOfTylerTatlock.html#ch12,2021-07-06T00:00:00Z,NA,1900-11-01T00:00:00Z,Book,The Adventures of Tylor Tatlock
ATT13,Tracked by Teeth,JEPM,NA,JM,MAL,http://freeread.com.au/@rglibrary/JEMuddock/Donovan/Stories/TheAdventuresOfTylerTatlock.html#ch13,2021-07-06T00:00:00Z,NA,1900-11-01T00:00:00Z,Book,The Adventures of Tylor Tatlock
ATT14,The Band of Three,JEPM,NA,JM,MAL,http://freeread.com.au/@rglibrary/JEMuddock/Donovan/Stories/TheAdventuresOfTylerTatlock.html#ch14,2021-07-06T00:00:00Z,NA,1900-11-01T00:00:00Z,Book,The Adventures of Tylor Tatlock
ATT15,An Unsolved Problem,JEPM,NA,JM,MAL,http://freeread.com.au/@rglibrary/JEMuddock/Donovan/Stories/TheAdventuresOfTylerTatlock.html#ch15,2021-07-06T00:00:00Z,NA,1900-11-01T00:00:00Z,Book,The Adventures of Tylor Tatlock
ATT16,The New Tenant,JEPM,NA,JM,MAL,http://freeread.com.au/@rglibrary/JEMuddock/Donovan/Stories/TheAdventuresOfTylerTatlock.html#ch16,2021-07-06T00:00:00Z,NA,1900-11-01T00:00:00Z,Book,The Adventures of Tylor Tatlock
ATT17,The Yankee Tourist,JEPM,NA,SO,WW,http://freeread.com.au/@rglibrary/JEMuddock/Donovan/Stories/TheAdventuresOfTylerTatlock.html#ch17,2021-07-06T00:00:00Z,2021-07-09T00:00:00Z,1900-11-01T00:00:00Z,Book,The Adventures of Tylor Tatlock
ATT18,Clinton & Hills' Deed-box,JEPM,NA,SO,WW,http://freeread.com.au/@rglibrary/JEMuddock/Donovan/Stories/TheAdventuresOfTylerTatlock.html#ch18,2021-07-06T00:00:00Z,2021-07-09T00:00:00Z,1900-11-01T00:00:00Z,Book,The Adventures of Tylor Tatlock
ATT19,The Mysterious Passenger,JEPM,NA,SO,WW,http://freeread.com.au/@rglibrary/JEMuddock/Donovan/Stories/TheAdventuresOfTylerTatlock.html#ch19,2021-07-06T00:00:00Z,2021-07-09T00:00:00Z,1900-11-01T00:00:00Z,Book,The Adventures of Tylor Tatlock
ATT20,The Stolen Picture,JEPM,NA,SO,WW,http://freeread.com.au/@rglibrary/JEMuddock/Donovan/Stories/TheAdventuresOfTylerTatlock.html#ch20,2021-07-06T00:00:00Z,2021-07-09T00:00:00Z,1900-11-01T00:00:00Z,Book,The Adventures of Tylor Tatlock
ATT21,The Private Secretary,JEPM,NA,SO,WW,http://freeread.com.au/@rglibrary/JEMuddock/Donovan/Stories/TheAdventuresOfTylerTatlock.html#ch21,2021-07-06T00:00:00Z,2021-07-09T00:00:00Z,1900-11-01T00:00:00Z,Book,The Adventures of Tylor Tatlock
ATT22,A Memorable Christmas,JEPM,NA,SO,WW,http://freeread.com.au/@rglibrary/JEMuddock/Donovan/Stories/TheAdventuresOfTylerTatlock.html#ch22,2021-07-06T00:00:00Z,2021-07-09T00:00:00Z,1900-11-01T00:00:00Z,Book,The Adventures of Tylor Tatlock
HW01,The Episode of the Patient Who Disappointed Her Doctor,GA,NA,MS,AMB,https://www.gutenberg.org/files/4903/4903-h/4903-h.htm#link2HCH0001,2021-07-06T00:00:00Z,NA,1905-03-13T00:00:00Z,Book,Hilda Wade: A Woman with Tenacity of Purpose
HW02,The Episode of the Gentleman Who Had Failed for Everything,GA,NA,MS,AMB,https://www.gutenberg.org/files/4903/4903-h/4903-h.htm#link2HCH0002,2021-07-06T00:00:00Z,NA,1905-03-13T00:00:00Z,Book,Hilda Wade: A Woman with Tenacity of Purpose
HW03,The Episode of the Wife Who Did Her Duty,GA,NA,MS,AMB,https://www.gutenberg.org/files/4903/4903-h/4903-h.htm#link2HCH0003,2021-07-06T00:00:00Z,NA,1905-03-13T00:00:00Z,Book,Hilda Wade: A Woman with Tenacity of Purpose
HW04,The Episode of the Man Who Would Not Commit Suicide,GA,NA,JM,MAL,https://www.gutenberg.org/files/4903/4903-h/4903-h.htm#link2HCH0004,2021-07-06T00:00:00Z,NA,1905-03-13T00:00:00Z,Book,Hilda Wade: A Woman with Tenacity of Purpose
HW05,The Episode of the Needle That Did Not Match,GA,NA,MS,AMB,https://www.gutenberg.org/files/4903/4903-h/4903-h.htm#link2HCH0005,2021-07-06T00:00:00Z,NA,1905-03-13T00:00:00Z,Book,Hilda Wade: A Woman with Tenacity of Purpose
HW06,The Episode of the Letter with the Basingstoke Postmark,GA,NA,JM,MAL,https://www.gutenberg.org/files/4903/4903-h/4903-h.htm#link2HCH0006,2021-07-06T00:00:00Z,NA,1905-03-13T00:00:00Z,Book,Hilda Wade: A Woman with Tenacity of Purpose
HW07,The Episode of the Stone That Looked about It,GA,NA,JM,MAL,https://www.gutenberg.org/files/4903/4903-h/4903-h.htm#link2HCH0007,2021-07-06T00:00:00Z,NA,1905-03-13T00:00:00Z,Book,Hilda Wade: A Woman with Tenacity of Purpose
HW08,The Episode of the European with the Kaffir Heart,GA,NA,JM,MAL,https://www.gutenberg.org/files/4903/4903-h/4903-h.htm#link2HCH0008,2021-07-06T00:00:00Z,NA,1905-03-13T00:00:00Z,Book,Hilda Wade: A Woman with Tenacity of Purpose
HW09,The Episode of the Lady Who Was Very Exclusive,GA,NA,SO,WW,https://www.gutenberg.org/files/4903/4903-h/4903-h.htm#link2HCH0009,2021-07-06T00:00:00Z,NA,1905-03-13T00:00:00Z,Book,Hilda Wade: A Woman with Tenacity of Purpose
HW10,The Episode of the Guide Who Knew the Country,GA,NA,SO,WW,https://www.gutenberg.org/files/4903/4903-h/4903-h.htm#link2HCH0010,2021-07-06T00:00:00Z,NA,1905-03-13T00:00:00Z,Book,Hilda Wade: A Woman with Tenacity of Purpose
HW11,The Episode of the Officer Who Understood Perfectly,GA,NA,SO,WW,https://www.gutenberg.org/files/4903/4903-h/4903-h.htm#link2HCH0011,2021-07-06T00:00:00Z,NA,1905-03-13T00:00:00Z,Book,Hilda Wade: A Woman with Tenacity of Purpose
HW12,The Episode of the Dead Man Who Spoke,GA,ACD,CC,SK,https://www.gutenberg.org/files/4903/4903-h/4903-h.htm#link2HCH0012,2021-07-06T00:00:00Z,NA,1905-03-13T00:00:00Z,Book,Hilda Wade: A Woman with Tenacity of Purpose
CKS01,The Case of Helen Bond (The Silent Cracksman),ABR,NA,SO,WW,Follow links here: http://freeread.com.au/@rglibrary/ArthurBReeve/CraigKennedy/@CraigKennedy.html,2021-07-06T00:00:00Z,NA,1910-12-01T00:00:00Z,Journal,Cosmopolitan
CKS02,The Silent Bullet,ABR,NA,JM,MAL,Follow links here: http://freeread.com.au/@rglibrary/ArthurBReeve/CraigKennedy/@CraigKennedy.html,NA,NA,1911-01-01T00:00:00Z,Journal,Cosmopolitan
CKS03,The Bacteriological Detective,ABR,NA,MS,AMB,Follow links here: http://freeread.com.au/@rglibrary/ArthurBReeve/CraigKennedy/@CraigKennedy.html,NA,NA,1911-02-01T00:00:00Z,Journal,Cosmopolitan
CKS04,(The Story of) The Deadly Tube,ABR,NA,CC,SK,Follow links here: http://freeread.com.au/@rglibrary/ArthurBReeve/CraigKennedy/@CraigKennedy.html,NA,2021-07-17T00:00:00Z,1911-03-01T00:00:00Z,Journal,Cosmopolitan
CKS05,The Seismograph Adventure,ABR,NA,MAL,AMB,Follow links here: http://freeread.com.au/@rglibrary/ArthurBReeve/CraigKennedy/@CraigKennedy.html,NA,NA,1911-04-01T00:00:00Z,Journal,Cosmopolitan
CKS06,(The Story of) The Diamond Maker,ABR,NA,MAL,AMB,Follow links here: http://freeread.com.au/@rglibrary/ArthurBReeve/CraigKennedy/@CraigKennedy.html,NA,NA,1911-05-01T00:00:00Z,Journal,Cosmopolitan
CKS07,The Azure Ring,ABR,NA,MAL,AMB,Follow links here: http://freeread.com.au/@rglibrary/ArthurBReeve/CraigKennedy/@CraigKennedy.html,NA,NA,1811-06-01T00:00:00Z,Journal,Cosmopolitan
CKS08,(A Case of) Spontaneous Combustion,ABR,NA,MAL,AMB,Follow links here: http://freeread.com.au/@rglibrary/ArthurBReeve/CraigKennedy/@CraigKennedy.html,NA,NA,1911-07-01T00:00:00Z,Journal,Cosmopolitan
CKS09,The Terror in the Air,ABR,NA,MAL,AMB,Follow links here: http://freeread.com.au/@rglibrary/ArthurBReeve/CraigKennedy/@CraigKennedy.html,NA,NA,1911-08-01T00:00:00Z,Journal,Cosmopolitan
CKS10,The Black Hand,ABR,NA,MAL,AMB,Follow links here: http://freeread.com.au/@rglibrary/ArthurBReeve/CraigKennedy/@CraigKennedy.html,NA,NA,1911-09-01T00:00:00Z,Journal,Cosmopolitan
CKS11,The Artificial Paradise (The Man Who Was Dead),ABR,NA,MAL,AMB,Follow links here: http://freeread.com.au/@rglibrary/ArthurBReeve/CraigKennedy/@CraigKennedy.html,NA,NA,1911-10-01T00:00:00Z,Journal,Cosmopolitan
CKS12,The Steel Door,ABR,NA,MAL,AMB,Follow links here: http://freeread.com.au/@rglibrary/ArthurBReeve/CraigKennedy/@CraigKennedy.html,NA,NA,1911-11-01T00:00:00Z,Journal,Cosmopolitan
CKS13,The Sand-Hog (The Tunnel Mystery),ABR,NA,MAL,AMB,Follow links here: http://freeread.com.au/@rglibrary/ArthurBReeve/CraigKennedy/@CraigKennedy.html,NA,NA,1911-12-01T00:00:00Z,Journal,Cosmopolitan
CKS14,The Bacillus of Death,ABR,NA,MAL,AMB,Follow links here: http://freeread.com.au/@rglibrary/ArthurBReeve/CraigKennedy/@CraigKennedy.html,NA,NA,1912-01-01T00:00:00Z,Journal,Cosmopolitan
CKS15,The Master Counterfeiter,ABR,NA,MS,SK,Follow links here: http://freeread.com.au/@rglibrary/ArthurBReeve/CraigKennedy/@CraigKennedy.html,NA,2021-07-15T00:00:00Z,1912-02-01T00:00:00Z,Journal,Cosmopolitan
CKS16,The Firebug (The Firefiend),ABR,NA,MS,SK,Follow links here: http://freeread.com.au/@rglibrary/ArthurBReeve/CraigKennedy/@CraigKennedy.html,NA,2021-07-15T00:00:00Z,1912-03-01T00:00:00Z,Journal,Cosmopolitan
CKS17,The Yeggman,ABR,NA,MS,SK,Follow links here: http://freeread.com.au/@rglibrary/ArthurBReeve/CraigKennedy/@CraigKennedy.html,NA,2021-07-15T00:00:00Z,1912-04-01T00:00:00Z,Journal,Cosmopolitan
CKS18,The Poisoned Pen,ABR,NA,MS,SK,Follow links here: http://freeread.com.au/@rglibrary/ArthurBReeve/CraigKennedy/@CraigKennedy.html,NA,2021-07-15T00:00:00Z,1912-05-01T00:00:00Z,Journal,Cosmopolitan
CKS19,The White Slave,ABR,NA,MS,SK,Follow links here: http://freeread.com.au/@rglibrary/ArthurBReeve/CraigKennedy/@CraigKennedy.html,NA,2021-07-20T00:00:00Z,1912-06-01T00:00:00Z,Journal,Cosmopolitan
CKS20,The Forger,ABR,NA,MS,SK,Follow links here: http://freeread.com.au/@rglibrary/ArthurBReeve/CraigKennedy/@CraigKennedy.html,NA,2021-07-20T00:00:00Z,1912-07-01T00:00:00Z,Journal,Cosmopolitan
CKS21,The Unofficial Spy,ABR,NA,MS,SK,Follow links here: http://freeread.com.au/@rglibrary/ArthurBReeve/CraigKennedy/@CraigKennedy.html,NA,2021-07-20T00:00:00Z,1912-08-01T00:00:00Z,Journal,Cosmopolitan
CKS22,The Smuggler,ABR,NA,MS,SK,Follow links here: http://freeread.com.au/@rglibrary/ArthurBReeve/CraigKennedy/@CraigKennedy.html,NA,2021-07-20T00:00:00Z,1912-08-01T00:00:00Z,Journal,Cosmopolitan
CKS23,(Craig Kennedy and) The Invisible Ray,ABR,NA,MS,SK,Follow links here: http://freeread.com.au/@rglibrary/ArthurBReeve/CraigKennedy/@CraigKennedy.html,NA,2021-07-20T00:00:00Z,1912-10-01T00:00:00Z,Journal,Cosmopolitan
CKS24,The Campaign Grafter,ABR,NA,MS,SK,Follow links here: http://freeread.com.au/@rglibrary/ArthurBReeve/CraigKennedy/@CraigKennedy.html,NA,2021-07-20T00:00:00Z,1912-11-01T00:00:00Z,Journal,Hearst's Magazine
CKS25,The Kleptomaniac,ABR,NA,WW,JM,Follow links here: http://freeread.com.au/@rglibrary/ArthurBReeve/CraigKennedy/@CraigKennedy.html,NA,NA,1912-12-01T00:00:00Z,Journal,Hearst's Magazine
CKS26,The Opium Joint,ABR,NA,WW,JM,Follow links here: http://freeread.com.au/@rglibrary/ArthurBReeve/CraigKennedy/@CraigKennedy.html,NA,NA,1913-01-01T00:00:00Z,Journal,Hearst's Magazine
CKS27,The Vampire,ABR,NA,WW,JM,Follow links here: http://freeread.com.au/@rglibrary/ArthurBReeve/CraigKennedy/@CraigKennedy.html,NA,NA,1913-02-01T00:00:00Z,Journal,Hearst's Magazine
CKS28,The Green Curse,ABR,NA,WW,JM,Follow links here: http://freeread.com.au/@rglibrary/ArthurBReeve/CraigKennedy/@CraigKennedy.html,NA,NA,1913-04-01T00:00:00Z,Journal,Cosmopolitan
CKS29,The Sybarite,ABR,NA,WW,JM,Follow links here: http://freeread.com.au/@rglibrary/ArthurBReeve/CraigKennedy/@CraigKennedy.html,NA,NA,1913-05-01T00:00:00Z,Journal,Cosmopolitan
CKS30,The Phantom Circuit,ABR,NA,WW,JM,Follow links here: http://freeread.com.au/@rglibrary/ArthurBReeve/CraigKennedy/@CraigKennedy.html,NA,NA,1913-06-01T00:00:00Z,Journal,Cosmopolitan
CKS31,The Elixir of Life,ABR,NA,WW,JM,Follow links here: http://freeread.com.au/@rglibrary/ArthurBReeve/CraigKennedy/@CraigKennedy.html,NA,NA,1913-07-01T00:00:00Z,Journal,Cosmopolitan
CKS32,The Dream Doctor,ABR,NA,WW,JM,Follow links here: http://freeread.com.au/@rglibrary/ArthurBReeve/CraigKennedy/@CraigKennedy.html,NA,NA,1913-08-01T00:00:00Z,Journal,Cosmopolitan
CKS33,The Death House,ABR,NA,WW,JM,Follow links here: http://freeread.com.au/@rglibrary/ArthurBReeve/CraigKennedy/@CraigKennedy.html,NA,NA,1913-09-01T00:00:00Z,Journal,Cosmopolitan
CKS34,The Submarine Mystery,ABR,NA,WW,JM,Follow links here: http://freeread.com.au/@rglibrary/ArthurBReeve/CraigKennedy/@CraigKennedy.html,NA,NA,1913-10-01T00:00:00Z,Journal,Cosmopolitan
CKS35,The Bomb-Maker,ABR,NA,CC,SO,Follow links here: http://freeread.com.au/@rglibrary/ArthurBReeve/CraigKennedy/@CraigKennedy.html,2021-07-13T00:00:00Z,2021-07-16T00:00:00Z,1913-11-01T00:00:00Z,Journal,Cosmopolitan
CKS36,The Ghouls,ABR,NA,CC,SO,Follow links here: http://freeread.com.au/@rglibrary/ArthurBReeve/CraigKennedy/@CraigKennedy.html,2021-07-13T00:00:00Z,2021-07-16T00:00:00Z,1913-12-01T00:00:00Z,Journal,Cosmopolitan
CKS37,Guy Garrick,ABR,NA,CC,SO,Follow links here: http://freeread.com.au/@rglibrary/ArthurBReeve/CraigKennedy/@CraigKennedy.html,2021-07-13T00:00:00Z,NA,1905-03-28T00:00:00Z,NA,NA
CKS38,The Air-Pirate,ABR,NA,CC,SO,Follow links here: http://freeread.com.au/@rglibrary/ArthurBReeve/CraigKennedy/@CraigKennedy.html,2021-07-13T00:00:00Z,NA,1914-01-01T00:00:00Z,NA,NA
CKS39,The Billionaire Baby,ABR,NA,CC,SO,Follow links here: http://freeread.com.au/@rglibrary/ArthurBReeve/CraigKennedy/@CraigKennedy.html,2021-07-13T00:00:00Z,2021-07-16T00:00:00Z,1914-02-01T00:00:00Z,Journal,Cosmopolitan
CKS40,The Radium Robber,ABR,NA,CC,SO,Follow links here: http://freeread.com.au/@rglibrary/ArthurBReeve/CraigKennedy/@CraigKennedy.html,2021-07-13T00:00:00Z,2021-07-16T00:00:00Z,1914-03-01T00:00:00Z,Journal,Cosmopolitan
CKS41,The Eugenic Bride,ABR,NA,CC,SO,Follow links here: http://freeread.com.au/@rglibrary/ArthurBReeve/CraigKennedy/@CraigKennedy.html,2021-07-13T00:00:00Z,2021-07-16T00:00:00Z,1914-04-01T00:00:00Z,Journal,Cosmopolitan
CKS42,The Dead-Line,ABR,NA,CC,SO,Follow links here: http://freeread.com.au/@rglibrary/ArthurBReeve/CraigKennedy/@CraigKennedy.html,2021-07-13T00:00:00Z,2021-07-19T00:00:00Z,1914-05-01T00:00:00Z,Journal,Cosmopolitan
CKS43,The Curio Shop,ABR,NA,CC,SO,Follow links here: http://freeread.com.au/@rglibrary/ArthurBReeve/CraigKennedy/@CraigKennedy.html,2021-07-13T00:00:00Z,2021-07-19T00:00:00Z,1914-06-01T00:00:00Z,Journal,Cosmopolitan
CKS44,The Germ Letter,ABR,NA,CC,SO,Follow links here: http://freeread.com.au/@rglibrary/ArthurBReeve/CraigKennedy/@CraigKennedy.html,2021-07-13T00:00:00Z,2021-07-19T00:00:00Z,1914-07-01T00:00:00Z,Journal,Cosmopolitan
CKS45,The Wireless Wire-Tappers,ABR,NA,CC,SO,Follow links here: http://freeread.com.au/@rglibrary/ArthurBReeve/CraigKennedy/@CraigKennedy.html,2021-07-14T00:00:00Z,2021-07-19T00:00:00Z,1914-08-01T00:00:00Z,Journal,Cosmopolitan
CKS46,The Family Skeleton,ABR,NA,CC,SO,Follow links here: http://freeread.com.au/@rglibrary/ArthurBReeve/CraigKennedy/@CraigKennedy.html,2021-07-14T00:00:00Z,2021-07-19T00:00:00Z,1914-09-01T00:00:00Z,Journal,Cosmopolitan
CKS47,The Devil-Worshipers,ABR,NA,MAL,MS,Follow links here: http://freeread.com.au/@rglibrary/ArthurBReeve/CraigKennedy/@CraigKennedy.html,NA,NA,1914-10-01T00:00:00Z,Journal,Cosmopolitan
CKS48,Happy Dust,ABR,NA,MAL,MS,Follow links here: http://freeread.com.au/@rglibrary/ArthurBReeve/CraigKennedy/@CraigKennedy.html,NA,NA,1914-11-01T00:00:00Z,Journal,Cosmopolitan
CKS49,The Murder Syndicate,ABR,NA,MAL,MS,Follow links here: http://freeread.com.au/@rglibrary/ArthurBReeve/CraigKennedy/@CraigKennedy.html,NA,NA,1914-12-01T00:00:00Z,Journal,Cosmopolitan
CKS50,The Stolen War-Secret,ABR,NA,MAL,MS,Follow links here: http://freeread.com.au/@rglibrary/ArthurBReeve/CraigKennedy/@CraigKennedy.html,NA,NA,1914-12-01T00:00:00Z,Journal,Adventure
CKS51,The Diamond-Queen,ABR,NA,MAL,MS,Follow links here: http://freeread.com.au/@rglibrary/ArthurBReeve/CraigKennedy/@CraigKennedy.html,NA,NA,1915-01-01T00:00:00Z,Journal,Cosmopolitan
CKS52,The X-Ray Detective,ABR,NA,MAL,MS,Follow links here: http://freeread.com.au/@rglibrary/ArthurBReeve/CraigKennedy/@CraigKennedy.html,NA,NA,1915-02-01T00:00:00Z,Journal,Cosmopolitan
CKS53,The Tango Thief,ABR,NA,MAL,MS,Follow links here: http://freeread.com.au/@rglibrary/ArthurBReeve/CraigKennedy/@CraigKennedy.html,NA,NA,1915-03-01T00:00:00Z,Journal,Cosmopolitan
CKS54,The Supertoxin,ABR,NA,MAL,MS,Follow links here: http://freeread.com.au/@rglibrary/ArthurBReeve/CraigKennedy/@CraigKennedy.html,NA,NA,1915-04-01T00:00:00Z,Journal,Cosmopolitan
CKS55,The Sixth Sense,ABR,NA,MAL,MS,Follow links here: http://freeread.com.au/@rglibrary/ArthurBReeve/CraigKennedy/@CraigKennedy.html,NA,NA,1915-05-01T00:00:00Z,Journal,Cosmopolitan
CKS56,The Absolute Zero,ABR,NA,MAL,MS,Follow links here: http://freeread.com.au/@rglibrary/ArthurBReeve/CraigKennedy/@CraigKennedy.html,NA,NA,1915-06-01T00:00:00Z,Journal,Cosmopolitan
CKS57,The Sleep-Maker,ABR,NA,JM,CC,Follow links here: http://freeread.com.au/@rglibrary/ArthurBReeve/CraigKennedy/@CraigKennedy.html,NA,NA,1915-07-01T00:00:00Z,Journal,Cosmopolitan
CKS58,The Evil Eye,ABR,NA,JM,CC,Follow links here: http://freeread.com.au/@rglibrary/ArthurBReeve/CraigKennedy/@CraigKennedy.html,NA,NA,1915-08-01T00:00:00Z,Journal,Cosmopolitan
CKS59,The House of Death,ABR,NA,JM,CC,Follow links here: http://freeread.com.au/@rglibrary/ArthurBReeve/CraigKennedy/@CraigKennedy.html,NA,NA,1915-09-01T00:00:00Z,Journal,Cosmopolitan
CKS60,The Demon Engine,ABR,NA,JM,CC,Follow links here: http://freeread.com.au/@rglibrary/ArthurBReeve/CraigKennedy/@CraigKennedy.html,NA,NA,1915-10-01T00:00:00Z,Journal,Cosmopolitan
CKS61,The Social Gangster,ABR,NA,JM,CC,Follow links here: http://freeread.com.au/@rglibrary/ArthurBReeve/CraigKennedy/@CraigKennedy.html,NA,NA,1915-11-01T00:00:00Z,Journal,Cosmopolitan
CKS62,The Voodoo Mystery,ABR,NA,SO,SK,Follow links here: http://freeread.com.au/@rglibrary/ArthurBReeve/CraigKennedy/@CraigKennedy.html,2021-07-20T00:00:00Z,2021-07-23T00:00:00Z,1915-12-01T00:00:00Z,Journal,Cosmopolitan
CKS63,The Treasure-Train,ABR,NA,SO,SK,Follow links here: http://freeread.com.au/@rglibrary/ArthurBReeve/CraigKennedy/@CraigKennedy.html,2021-07-20T00:00:00Z,2021-07-23T00:00:00Z,1916-01-01T00:00:00Z,Journal,Cosmopolitan
CKS64,The Ear in the Wall,ABR,NA,SO,SK,Long! Follow links here: http://freeread.com.au/@rglibrary/ArthurBReeve/CraigKennedy/@CraigKennedy.html,2021-07-20T00:00:00Z,2021-07-23T00:00:00Z,1905-03-30T00:00:00Z,Book,Heart's International Library
CKS65,The Truth-Detector,ABR,NA,SO,SK,Follow links here: http://freeread.com.au/@rglibrary/ArthurBReeve/CraigKennedy/@CraigKennedy.html,2021-07-20T00:00:00Z,2021-07-23T00:00:00Z,1916-03-01T00:00:00Z,Journal,Cosmopolitan
CKS66,The Soul-Analysis,ABR,NA,SO,SK,Follow links here: http://freeread.com.au/@rglibrary/ArthurBReeve/CraigKennedy/@CraigKennedy.html,2021-07-20T00:00:00Z,2021-07-23T00:00:00Z,1916-05-01T00:00:00Z,Journal,Cosmopolitan
CKS67,The Mystic Poisoner,ABR,NA,WW,AMB,Follow links here: http://freeread.com.au/@rglibrary/ArthurBReeve/CraigKennedy/@CraigKennedy.html,2021-07-20T00:00:00Z,NA,1916-06-01T00:00:00Z,Journal,Cosmopolitan
OSH01,The Old Stone House,AKG,NA,JM,CC,Note that this one is long! https://www.gutenberg.org/files/21824/21824-h/21824-h.htm#THE_OLD_STONE_HOUSE,2021-07-20T00:00:00Z,NA,NA,NA,NA
OSH02,A Memorable Night,AKG,NA,JM,CC,https://www.gutenberg.org/files/21824/21824-h/21824-h.htm#A_MEMORABLE_NIGHT,2021-07-20T00:00:00Z,2021-07-28T00:00:00Z,1905-03-05T00:00:00Z,Book,The Old Stone House and Other Stories
OSH03,The Black Cross,AKG,NA,JM,CC,https://www.gutenberg.org/files/21824/21824-h/21824-h.htm#THE_BLACK_CROSS,2021-07-20T00:00:00Z,NA,NA,NA,NA
OSH04,A Mysterious Case,AKG,NA,JM,CC,https://www.gutenberg.org/files/21824/21824-h/21824-h.htm#A_MYSTERIOUS_CASE,2021-07-20T00:00:00Z,2021-07-28T00:00:00Z,1905-03-05T00:00:00Z,Book,The Old Stone House and Other Stories
OSH05,Shall He Wed Her?,AKG,NA,SO,SK,https://www.gutenberg.org/files/21824/21824-h/21824-h.htm#SHALL_HE_WED_HER,2021-07-20T00:00:00Z,2021-07-29T00:00:00Z,1905-03-05T00:00:00Z,Book,The Old Stone House and Other Stories
ADP01,A Difficult Problem,AKG,NA,SO,SK,https://onlinebooks.library.upenn.edu/webbin/gutbook/lookup?num=22807,2021-07-20T00:00:00Z,2021-07-29T00:00:00Z,1905-03-14T00:00:00Z,Book,"A Difficult Problem: The Staircase at the Heart's Delight, and Other Stories"
ADP02,The Gray Madam,AKG,NA,SO,SK,https://onlinebooks.library.upenn.edu/webbin/gutbook/lookup?num=22808,2021-07-20T00:00:00Z,2021-07-29T00:00:00Z,1905-03-03T00:00:00Z,NA,NA
ADP03,The Bronze Hand,AKG,NA,SO,SK,https://onlinebooks.library.upenn.edu/webbin/gutbook/lookup?num=22806,2021-07-20T00:00:00Z,2021-07-29T00:00:00Z,1905-03-01T00:00:00Z,NA,NA
ADP04,Midnight in Beauchamp Row,AKG,NA,SO,SK,https://onlinebooks.library.upenn.edu/webbin/gutbook/lookup?num=22810,2021-07-20T00:00:00Z,2021-07-29T00:00:00Z,1905-03-09T00:00:00Z,NA,NA
ADP05,The Staircase at the Hearts Delight,AKG,NA,WW,AMB,https://onlinebooks.library.upenn.edu/webbin/gutbook/lookup?num=22811,2021-07-20T00:00:00Z,NA,1905-03-08T00:00:00Z,NA,NA
ADP06,The Hermit of -------- Street,AKG,NA,WW,AMB,https://onlinebooks.library.upenn.edu/webbin/gutbook/lookup?num=22809,2021-07-20T00:00:00Z,NA,1905-03-12T00:00:00Z,NA,NA
RNT01,Room Number 3,AKG,NA,WW,AMB,Long! https://www.gutenberg.org/files/31578/31578-h/31578-h.htm#Page_3,2021-07-20T00:00:00Z,NA,1905-03-27T00:00:00Z,Book,"Room Number 3, and Other Detective stories"
RNT02,Midnight in Beauchamp Row,AKG,NA,WW,AMB,https://www.gutenberg.org/files/31578/31578-h/31578-h.htm#Page_85,2021-07-20T00:00:00Z,NA,NA,NA,NA
RNT03,The Ruby and the Caldron,AKG,NA,WW,AMB,https://www.gutenberg.org/files/31578/31578-h/31578-h.htm#Page_107,2021-07-20T00:00:00Z,NA,1905-03-27T00:00:00Z,Book,"Room Number 3, and Other Detective stories"
RNT04,The Little Steel Coils,AKG,NA,WW,AMB,https://www.gutenberg.org/files/31578/31578-h/31578-h.htm#Page_149,2021-07-20T00:00:00Z,NA,1905-03-27T00:00:00Z,Book,"Room Number 3, and Other Detective stories"
RNT05,The Staircase at Heart's Delight,AKG,NA,WW,AMB,https://www.gutenberg.org/files/31578/31578-h/31578-h.htm#Page_181,2021-07-20T00:00:00Z,NA,NA,NA,NA
RNT06,The Amethyst Box,AKG,NA,WW,AMB,Long! https://www.gutenberg.org/files/31578/31578-h/31578-h.htm#Page_209,2021-07-20T00:00:00Z,NA,NA,NA,NA
RNT07,The Grey Lady,AKG,NA,WW,AMB,https://www.gutenberg.org/files/31578/31578-h/31578-h.htm#Page_311,2021-07-20T00:00:00Z,NA,1905-03-27T00:00:00Z,Book,"Room Number 3, and Other Detective stories"
RNT08,The Thief,AKG,NA,MAL,MS,https://www.gutenberg.org/files/31578/31578-h/31578-h.htm#Page_339,2021-07-20T00:00:00Z,NA,1905-03-27T00:00:00Z,Book,"Room Number 3, and Other Detective stories"
RNT09,The House in the Mist,AKG,NA,CC,MS,https://www.gutenberg.org/files/31578/31578-h/31578-h.htm#Page_369,2021-07-27T00:00:00Z,2021-08-02T00:00:00Z,NA,NA,NA
TGS01,The Golden Slipper,AKG,NA,CC,MS,https://www.gutenberg.org/files/3071/3071-h/3071-h.htm#link2H_4_0002,2021-07-27T00:00:00Z,2021-08-02T00:00:00Z,1905-03-29T00:00:00Z,Book,The Golden Slipper
TGS02,The Second Bullet,AKG,NA,CC,MS,https://www.gutenberg.org/files/3071/3071-h/3071-h.htm#link2H_4_0003,2021-07-27T00:00:00Z,2021-08-02T00:00:00Z,1905-03-29T00:00:00Z,Book,The Golden Slipper
TGS03,An Intangible Clue,AKG,NA,CC,MS,https://www.gutenberg.org/files/3071/3071-h/3071-h.htm#link2H_4_0004,2021-07-27T00:00:00Z,2021-08-02T00:00:00Z,1905-03-29T00:00:00Z,Book,The Golden Slipper
TGS04,The Grotto Spectre,AKG,NA,CC,MS,https://www.gutenberg.org/files/3071/3071-h/3071-h.htm#link2H_4_0005,2021-07-27T00:00:00Z,2021-08-02T00:00:00Z,1905-03-29T00:00:00Z,Book,The Golden Slipper
TGS05,The Dreaming Lady,AKG,NA,SO,JM,https://www.gutenberg.org/files/3071/3071-h/3071-h.htm#link2H_4_0006,2021-07-27T00:00:00Z,2021-08-02T00:00:00Z,1905-03-29T00:00:00Z,Book,The Golden Slipper
TGS06,The House of Clocks,AKG,NA,SO,JM,https://www.gutenberg.org/files/3071/3071-h/3071-h.htm#link2H_4_0007,2021-07-27T00:00:00Z,2021-08-02T00:00:00Z,1905-03-29T00:00:00Z,Book,The Golden Slipper
TGS07,"The Doctor, His Wife, and the Clock",AKG,NA,SO,JM,https://www.gutenberg.org/files/3071/3071-h/3071-h.htm#link2H_4_0008,2021-07-27T00:00:00Z,2021-08-02T00:00:00Z,1905-03-29T00:00:00Z,Book,The Golden Slipper
TGS08,Missing: Page Thirteen,AKG,NA,SO,JM,https://www.gutenberg.org/files/3071/3071-h/3071-h.htm#link2H_4_0009,2021-07-27T00:00:00Z,2021-08-02T00:00:00Z,1905-03-29T00:00:00Z,Book,The Golden Slipper
TGS09,Violet’s Own,AKG,NA,SO,JM,https://www.gutenberg.org/files/3071/3071-h/3071-h.htm#link2H_4_0010,2021-07-27T00:00:00Z,NA,1905-03-29T00:00:00Z,Book,The Golden Slipper
TSOTR01,Peter Crane's Cigars,VW,NA,CC,MS,http://gutenberg.net.au/ebooks13/1300071h.html#ch-01,2021-07-27T00:00:00Z,2021-08-02T00:00:00Z,1905-03-26T00:00:00Z,Book,Thrilling Stories of the Railway
TSOTR02,The Tragedy on the London and Mid-northern,VW,NA,CC,MS,http://gutenberg.net.au/ebooks13/1300071h.html#ch-02,2021-07-27T00:00:00Z,2021-08-03T00:00:00Z,1905-03-26T00:00:00Z,Book,Thrilling Stories of the Railway
TSOTR03,The Affair of the Corridor Express,VW,NA,CC,MS,http://gutenberg.net.au/ebooks13/1300071h.html#ch-03,2021-07-27T00:00:00Z,2021-08-03T00:00:00Z,1905-03-26T00:00:00Z,Book,Thrilling Stories of the Railway
TSOTR04,Sir Gilbert Murrell's Picture,VW,NA,CC,MS,http://gutenberg.net.au/ebooks13/1300071h.html#ch-04,2021-07-27T00:00:00Z,2021-08-03T00:00:00Z,1905-03-26T00:00:00Z,Book,Thrilling Stories of the Railway
TSOTR05,How the Bank Was Saved,VW,NA,CC,MS,http://gutenberg.net.au/ebooks13/1300071h.html#ch-05,2021-07-27T00:00:00Z,2021-08-03T00:00:00Z,1905-03-26T00:00:00Z,Book,Thrilling Stories of the Railway
TSOTR06,The Affair of the German Dispatch-box,VW,NA,SO,JM,http://gutenberg.net.au/ebooks13/1300071h.html#ch-06,2021-07-27T00:00:00Z,2021-08-02T00:00:00Z,1905-03-26T00:00:00Z,Book,Thrilling Stories of the Railway
TSOTR07,How the Bishop Kept His Appointment,VW,NA,SO,JM,http://gutenberg.net.au/ebooks13/1300071h.html#ch-07,2021-07-27T00:00:00Z,NA,1905-03-26T00:00:00Z,Book,Thrilling Stories of the Railway
TSOTR08,The Adventure of the Pilot Engine,VW,NA,SO,JM,http://gutenberg.net.au/ebooks13/1300071h.html#ch-08,2021-07-27T00:00:00Z,2021-08-02T00:00:00Z,1905-03-26T00:00:00Z,Book,Thrilling Stories of the Railway
TSOTR09,The Stolen Necklace,VW,NA,SO,JM,http://gutenberg.net.au/ebooks13/1300071h.html#ch-09,2021-07-27T00:00:00Z,2021-08-02T00:00:00Z,1905-03-26T00:00:00Z,Book,Thrilling Stories of the Railway
TSOTR10,The Mystery of the Boat Express,VW,NA,SO,JM,http://gutenberg.net.au/ebooks13/1300071h.html#ch-10,2021-07-27T00:00:00Z,2021-08-02T00:00:00Z,1905-03-26T00:00:00Z,Book,Thrilling Stories of the Railway
TSOTR11,How the Express Was Saved,VW,NA,CC,MS,http://gutenberg.net.au/ebooks13/1300071h.html#ch-11,2021-08-03T00:00:00Z,NA,1905-03-26T00:00:00Z,Book,Thrilling Stories of the Railway
TSOTR12,A Case of Signalling,VW,NA,SO,MS,http://gutenberg.net.au/ebooks13/1300071h.html#ch-12,2021-08-03T00:00:00Z,NA,1905-03-26T00:00:00Z,Book,Thrilling Stories of the Railway
TSOTR13,Winning the Race,VW,NA,SO,MS,http://gutenberg.net.au/ebooks13/1300071h.html#ch-13,2021-08-03T00:00:00Z,NA,1905-03-26T00:00:00Z,Book,Thrilling Stories of the Railway
TSOTR14,The Strikers,VW,NA,SO,MS,http://gutenberg.net.au/ebooks13/1300071h.html#ch-14,2021-08-03T00:00:00Z,2021-08-04T00:00:00Z,1905-03-26T00:00:00Z,Book,Thrilling Stories of the Railway
TSOTR15,The Ruse That Succeeded,VW,NA,SO,CC,http://gutenberg.net.au/ebooks13/1300071h.html#ch-15,2021-08-03T00:00:00Z,NA,1905-03-26T00:00:00Z,Book,Thrilling Stories of the Railway
IZ01,The Memory Clearing House,IZ,NA,SO,CC,https://www.gutenberg.org/files/38413/38413-h/38413-h.htm#The_Memory_Clearing_House,2021-08-03T00:00:00Z,NA,NA,NA,NA
IZ02,Cheating the Gallows,IZ,NA,SO,CC,https://www.gutenberg.org/files/38413/38413-h/38413-h.htm#Cheating_the_Gallows,2021-08-03T00:00:00Z,2021-08-13T00:00:00Z,1905-03-07T00:00:00Z,Book,The King of Schnorrers: Grotesques and Fantasies
TEV01,The Mystery of the Five Hundred Diamonds,RB,NA,SO,CC,Scroll to story here: http://gutenberg.net.au/ebooks/c00065.txt,2021-08-10T00:00:00Z,2021-08-13T00:00:00Z,1905-03-20T00:00:00Z,Book,Triumphs of Eugene Valmont
TEV02,The Siamese Twin of a Bomb-Thrower,RB,NA,SO,CC,Scroll to story here: http://gutenberg.net.au/ebooks/c00065.txt,2021-08-10T00:00:00Z,2021-08-17T00:00:00Z,1905-03-20T00:00:00Z,Book,Triumphs of Eugene Valmont
TEV03,The Clue of the Silver Spoons,RB,NA,SO,CC,Scroll to story here: http://gutenberg.net.au/ebooks/c00065.txt,2021-08-10T00:00:00Z,2021-08-13T00:00:00Z,1905-03-20T00:00:00Z,Book,Triumphs of Eugene Valmont
TEV04,Lord Chizelrigg's Missing Fortune,RB,NA,SO,CC,Scroll to story here: http://gutenberg.net.au/ebooks/c00065.txt,2021-08-10T00:00:00Z,2021-08-13T00:00:00Z,1905-03-20T00:00:00Z,Book,Triumphs of Eugene Valmont
TEV05,The Absent-Minded Coterie,RB,NA,SO,MAL,Scroll to story here: http://gutenberg.net.au/ebooks/c00065.txt,2021-08-10T00:00:00Z,2021-08-18T00:00:00Z,1905-03-20T00:00:00Z,Book,Triumphs of Eugene Valmont
TEV06,The Ghost with the Club-Foot,RB,NA,SO,MAL,Scroll to story here: http://gutenberg.net.au/ebooks/c00065.txt,2021-08-10T00:00:00Z,2021-08-18T00:00:00Z,1905-03-20T00:00:00Z,Book,Triumphs of Eugene Valmont
TEV07,The Liberation of Wyoming Ed,RB,NA,SO,MAL,Scroll to story here: http://gutenberg.net.au/ebooks/c00065.txt,2021-08-10T00:00:00Z,2021-08-18T00:00:00Z,1905-03-20T00:00:00Z,Book,Triumphs of Eugene Valmont
TEV08,Lady Alicia's Emeralds,RB,NA,SO,MAL,Scroll to story here: http://gutenberg.net.au/ebooks/c00065.txt,2021-08-10T00:00:00Z,2021-08-18T00:00:00Z,1905-03-20T00:00:00Z,Book,Triumphs of Eugene Valmont
UAMM01,The Doomdorf Mystery,MDP,NA,CC,MAL,https://en.wikisource.org/wiki/Uncle_Abner:_Master_of_Mysteries/Chapter_1,2021-08-10T00:00:00Z,NA,1905-04-01T00:00:00Z,Book,Uncle Abner: Master of Mysteries
UAMM02,The Wrong Hand,MDP,NA,CC,MAL,https://en.wikisource.org/wiki/Uncle_Abner:_Master_of_Mysteries/Chapter_2,2021-08-10T00:00:00Z,NA,1905-04-01T00:00:00Z,Book,Uncle Abner: Master of Mysteries
UAMM03,The Angel of the Lord,MDP,NA,CC,MAL,https://en.wikisource.org/wiki/Uncle_Abner:_Master_of_Mysteries/Chapter_3,2021-08-10T00:00:00Z,NA,1905-04-01T00:00:00Z,Book,Uncle Abner: Master of Mysteries
UAMM04,An Act of God,MDP,NA,CC,MAL,https://en.wikisource.org/wiki/Uncle_Abner:_Master_of_Mysteries/Chapter_4,2021-08-10T00:00:00Z,NA,1905-04-01T00:00:00Z,Book,Uncle Abner: Master of Mysteries
UAMM05,The Treasure Hunter,MDP,NA,SO,MAL,https://en.wikisource.org/wiki/Uncle_Abner:_Master_of_Mysteries/Chapter_5,2021-08-17T00:00:00Z,2021-08-24T00:00:00Z,1905-04-01T00:00:00Z,Book,Uncle Abner: Master of Mysteries
UAMM06,The House of the Dead Man,MDP,NA,SO,MAL,https://en.wikisource.org/wiki/Uncle_Abner:_Master_of_Mysteries/Chapter_6,2021-08-17T00:00:00Z,2021-08-24T00:00:00Z,1905-04-01T00:00:00Z,Book,Uncle Abner: Master of Mysteries
UAMM07,A Twilight Adventure,MDP,NA,SO,MAL,https://en.wikisource.org/wiki/Uncle_Abner:_Master_of_Mysteries/Chapter_7,2021-08-17T00:00:00Z,2021-08-24T00:00:00Z,1905-04-01T00:00:00Z,Book,Uncle Abner: Master of Mysteries
UAMM08,The Age of Miracles,MDP,NA,SO,MAL,https://en.wikisource.org/wiki/Uncle_Abner:_Master_of_Mysteries/Chapter_8,2021-08-17T00:00:00Z,2021-08-24T00:00:00Z,1905-04-01T00:00:00Z,Book,Uncle Abner: Master of Mysteries
UAMM09,The Tenth Commandment,MDP,NA,SO,MAL,https://en.wikisource.org/wiki/Uncle_Abner:_Master_of_Mysteries/Chapter_9,2021-08-17T00:00:00Z,2021-08-24T00:00:00Z,1905-04-01T00:00:00Z,Book,Uncle Abner: Master of Mysteries
UAMM10,The Devil's Tools,MDP,NA,SK,MAL,https://en.wikisource.org/wiki/Uncle_Abner:_Master_of_Mysteries/Chapter_10,2021-08-17T00:00:00Z,NA,1905-04-01T00:00:00Z,Book,Uncle Abner: Master of Mysteries
UAMM11,The Hidden Law,MDP,NA,SK,MAL,https://en.wikisource.org/wiki/Uncle_Abner:_Master_of_Mysteries/Chapter_11,2021-08-17T00:00:00Z,NA,1905-04-01T00:00:00Z,Book,Uncle Abner: Master of Mysteries
UAMM12,The Riddle,MDP,NA,SK,MAL,https://en.wikisource.org/wiki/Uncle_Abner:_Master_of_Mysteries/Chapter_12,2021-08-17T00:00:00Z,NA,1905-04-01T00:00:00Z,Book,Uncle Abner: Master of Mysteries
UAMM13,The Straw Man,MDP,NA,SK,MAL,https://en.wikisource.org/wiki/Uncle_Abner:_Master_of_Mysteries/Chapter_13,2021-08-17T00:00:00Z,NA,1905-04-01T00:00:00Z,Book,Uncle Abner: Master of Mysteries
UAMM14,The Mystery of Chance,MDP,NA,SK,MAL,https://en.wikisource.org/wiki/Uncle_Abner:_Master_of_Mysteries/Chapter_14,2021-08-17T00:00:00Z,NA,1905-04-01T00:00:00Z,Book,Uncle Abner: Master of Mysteries
UAMM15,The Concealed Path,MDP,NA,SK,SO,https://en.wikisource.org/wiki/Uncle_Abner:_Master_of_Mysteries/Chapter_15,2021-08-17T00:00:00Z,2021-08-21T00:00:00Z,1905-04-01T00:00:00Z,Book,Uncle Abner: Master of Mysteries
UAMM16,The Edge of the Shadow,MDP,NA,SK,SO,https://en.wikisource.org/wiki/Uncle_Abner:_Master_of_Mysteries/Chapter_16,2021-08-17T00:00:00Z,2021-08-21T00:00:00Z,1905-04-01T00:00:00Z,Book,Uncle Abner: Master of Mysteries
UAMM17,The Adopted Daughter,MDP,NA,SK,SO,https://en.wikisource.org/wiki/Uncle_Abner:_Master_of_Mysteries/Chapter_17,2021-08-17T00:00:00Z,2021-08-21T00:00:00Z,1905-04-01T00:00:00Z,Book,Uncle Abner: Master of Mysteries
UAMM18,Naboth's Vineyard,MDP,NA,SK,SO,https://en.wikisource.org/wiki/Uncle_Abner:_Master_of_Mysteries/Chapter_18,2021-08-17T00:00:00Z,2021-08-21T00:00:00Z,1905-04-01T00:00:00Z,Book,Uncle Abner: Master of Mysteries
CTMD01,The Affair Of The Man Who Called Himself Hamilton Cleek,TWH,NA,SK,SO,http://freeread.com.au/@RGLibrary/Hanshew/Cleek/CleekTheMasterDetective.html#ch1,2021-08-17T00:00:00Z,NA,1905-04-01T00:00:00Z,Book,"Cleek, The Master Detective"
CTMD02,The Problem Of The Red Crawl,TWH,NA,SO,MAL,http://freeread.com.au/@RGLibrary/Hanshew/Cleek/CleekTheMasterDetective.html#ch2,2021-08-24T00:00:00Z,2021-08-31T00:00:00Z,1905-04-01T00:00:00Z,Book,"Cleek, The Master Detective"
CTMD03,The Riddle Of The Sacred Son,TWH,NA,SO,MAL,http://freeread.com.au/@RGLibrary/Hanshew/Cleek/CleekTheMasterDetective.html#ch3,2021-08-24T00:00:00Z,2021-08-31T00:00:00Z,1905-04-01T00:00:00Z,Book,"Cleek, The Master Detective"
CTMD04,The Caliph's Daughter,TWH,NA,SO,MAL,http://freeread.com.au/@RGLibrary/Hanshew/Cleek/CleekTheMasterDetective.html#ch4,2021-08-24T00:00:00Z,2021-08-31T00:00:00Z,1905-04-01T00:00:00Z,Book,"Cleek, The Master Detective"
CTMD05,The Riddle Of The Ninth Finger,TWH,NA,SO,MAL,http://freeread.com.au/@RGLibrary/Hanshew/Cleek/CleekTheMasterDetective.html#ch5,2021-08-24T00:00:00Z,2021-08-31T00:00:00Z,1905-04-01T00:00:00Z,Book,"Cleek, The Master Detective"
CTMD06,The Wizard's Belt,TWH,NA,SK,MAL,http://freeread.com.au/@RGLibrary/Hanshew/Cleek/CleekTheMasterDetective.html#ch6,2021-08-24T00:00:00Z,NA,1905-04-01T00:00:00Z,Book,"Cleek, The Master Detective"
CTMD07,The Riddle Of The 5.28,TWH,NA,SK,MAL,http://freeread.com.au/@RGLibrary/Hanshew/Cleek/CleekTheMasterDetective.html#ch7,2021-08-24T00:00:00Z,NA,1905-04-01T00:00:00Z,Book,"Cleek, The Master Detective"
CTMD08,The Lion's Smile,TWH,NA,SK,MAL,http://freeread.com.au/@RGLibrary/Hanshew/Cleek/CleekTheMasterDetective.html#ch8,2021-08-24T00:00:00Z,NA,1905-04-01T00:00:00Z,Book,"Cleek, The Master Detective"
CTMD09,The Mystery Of The Steel Room,TWH,NA,SK,MAL,http://freeread.com.au/@RGLibrary/Hanshew/Cleek/CleekTheMasterDetective.html#ch9,2021-08-24T00:00:00Z,NA,1905-04-01T00:00:00Z,Book,"Cleek, The Master Detective"
CTMD10,The Riddle Of The Siva Stones,TWH,NA,SK,SO,http://freeread.com.au/@RGLibrary/Hanshew/Cleek/CleekTheMasterDetective.html#ch10,2021-08-24T00:00:00Z,2021-08-27T00:00:00Z,1905-04-01T00:00:00Z,Book,"Cleek, The Master Detective"
CTMD11,The Divided House,TWH,NA,SK,SO,http://freeread.com.au/@RGLibrary/Hanshew/Cleek/CleekTheMasterDetective.html#ch11,2021-08-24T00:00:00Z,2021-08-27T00:00:00Z,1905-04-01T00:00:00Z,Book,"Cleek, The Master Detective"
CTMD12,The Riddle Of The Rainbow Pearl,TWH,NA,SK,SO,http://freeread.com.au/@RGLibrary/Hanshew/Cleek/CleekTheMasterDetective.html#ch12,2021-08-24T00:00:00Z,2021-08-27T00:00:00Z,1905-04-01T00:00:00Z,Book,"Cleek, The Master Detective"
CSD01,The Haunted Jarvee,WHH,NA,SO,MAL,http://gutenberg.net.au/ebooks06/0605781h.html#c1,2021-08-24T00:00:00Z,2021-08-31T00:00:00Z,1905-03-27T00:00:00Z,Book,Carnacki the Ghost-Finder
CSD02,The Find,WHH,NA,SK,MAL,http://gutenberg.net.au/ebooks06/0605781h.html#c2,2021-08-24T00:00:00Z,NA,1905-03-27T00:00:00Z,Book,Carnacki the Ghost-Finder
CSD03,The Hog,WHH,NA,SK,SO,http://gutenberg.net.au/ebooks06/0605781h.html#c3,2021-08-24T00:00:00Z,2021-08-27T00:00:00Z,1905-03-27T00:00:00Z,Book,Carnacki the Ghost-Finder
